CustomerID,FirstName,LastName,Email,Phone,City,State,LastUpdated
1,Mia,Smith,mia1@gmail.com,9257405357,Hyderabad,Maharashtra,2026-09-02T00:00:00.000Z
2,Alice,Anderson,alice2@gmail.com,9485872650,Hyderabad,Delhi,2026-11-18T00:00:00.000Z
3,Alice,Thomas,alice3@gmail.com,9283233376,Mumbai,Maharashtra,2026-05-08T00:00:00.000Z
4,Sophia,Thomas,sophia4@gmail.com,9618752110,Hyderabad,Karnataka,2026-11-09T00:00:00.000Z
5,Alice,Jackson,alice5@gmail.com,9296692966,Hyderabad,Delhi,2026-08-07T00:00:00.000Z
6,Alice,Brown,alice6@gmail.com,9214728303,Pune,Maharashtra,2026-08-04T00:00:00.000Z
7,Olivia,Thomas,olivia7@gmail.com,9740834652,Chennai,Karnataka,2026-06-06T00:00:00.000Z
8,Olivia,Jackson,olivia8@gmail.com,9698237077,Bangalore,Tamil Nadu,2026-12-17T00:00:00.000Z
9,John,Anderson,john9@gmail.com,9650205642,Mumbai,Tamil Nadu,2026-05-06T00:00:00.000Z
10,Michael,Anderson,michael10@gmail.com,9523312007,Hyderabad,Telangana,2026-03-15T00:00:00.000Z
11,Robert,Wilson,robert11@gmail.com,9596171690,Chennai,Karnataka,2026-11-03T00:00:00.000Z
12,Olivia,Thomas,olivia12@gmail.com,9518859750,Pune,Tamil Nadu,2026-04-06T00:00:00.000Z
13,Robert,Jackson,robert13@gmail.com,9700418232,Bangalore,Karnataka,2026-03-10T00:00:00.000Z
14,Emma,Wilson,emma14@gmail.com,9936616014,Bangalore,Tamil Nadu,2026-01-25T00:00:00.000Z
15,Alice,Thomas,alice15@gmail.com,9237932963,Bangalore,Karnataka,2026-11-03T00:00:00.000Z
16,Michael,Anderson,michael16@gmail.com,9488494372,Bangalore,Tamil Nadu,2026-01-30T00:00:00.000Z
17,Olivia,Wilson,olivia17@gmail.com,9150677581,Hyderabad,Karnataka,2026-02-08T00:00:00.000Z
18,Robert,Smith,robert18@gmail.com,9709064499,Mumbai,Delhi,2026-04-01T00:00:00.000Z
19,David,Anderson,david19@gmail.com,9887018276,Mumbai,Karnataka,2026-04-06T00:00:00.000Z
20,James,Anderson,james20@gmail.com,9143150590,Bangalore,Tamil Nadu,2026-02-18T00:00:00.000Z
21,Olivia,Anderson,olivia21@gmail.com,9560647071,Mumbai,Telangana,2026-02-10T00:00:00.000Z
22,Emma,Wilson,emma22@gmail.com,9455352550,Mumbai,Tamil Nadu,2026-04-02T00:00:00.000Z
23,Olivia,Johnson,olivia23@gmail.com,9885142610,Mumbai,Telangana,2026-06-21T00:00:00.000Z
24,Olivia,Taylor,olivia24@gmail.com,9430950400,Mumbai,Maharashtra,2026-04-25T00:00:00.000Z
25,David,Anderson,david25@gmail.com,9766315163,Hyderabad,Delhi,2026-05-14T00:00:00.000Z
26,Alice,Johnson,alice26@gmail.com,9156331146,Chennai,Karnataka,2026-06-04T00:00:00.000Z
27,James,Wilson,james27@gmail.com,9302650643,Delhi,Karnataka,2026-10-24T00:00:00.000Z
28,Olivia,Taylor,olivia28@gmail.com,9443943456,Delhi,Telangana,2026-05-18T00:00:00.000Z
29,James,Smith,james29@gmail.com,9165042101,Mumbai,Telangana,2026-02-27T00:00:00.000Z
30,Sophia,Brown,sophia30@gmail.com,9635825748,Mumbai,Maharashtra,2026-09-14T00:00:00.000Z
31,John,Smith,john31@gmail.com,9243317242,Hyderabad,Maharashtra,2026-03-07T00:00:00.000Z
32,Sophia,Wilson,sophia32@gmail.com,9383785247,Pune,Delhi,2026-01-14T00:00:00.000Z
33,Emma,Brown,emma33@gmail.com,9966442131,Hyderabad,Maharashtra,2026-11-01T00:00:00.000Z
34,Alice,Brown,alice34@gmail.com,9955085507,Pune,Maharashtra,2026-11-01T00:00:00.000Z
35,Emma,Brown,emma35@gmail.com,9455404470,Bangalore,Delhi,2026-08-15T00:00:00.000Z
36,James,Wilson,james36@gmail.com,9760969900,Mumbai,Tamil Nadu,2026-12-05T00:00:00.000Z
37,James,Anderson,james37@gmail.com,9807907840,Delhi,Tamil Nadu,2026-02-21T00:00:00.000Z
38,John,Brown,john38@gmail.com,9699617520,Delhi,Delhi,2026-03-02T00:00:00.000Z
39,David,Brown,david39@gmail.com,9242648285,Bangalore,Maharashtra,2026-11-04T00:00:00.000Z
40,James,Jackson,james40@gmail.com,9391468261,Bangalore,Karnataka,2026-08-15T00:00:00.000Z
41,David,Anderson,david41@gmail.com,9199418178,Hyderabad,Maharashtra,2026-07-20T00:00:00.000Z
42,Michael,Smith,michael42@gmail.com,9361987839,Bangalore,Tamil Nadu,2026-07-11T00:00:00.000Z
43,Olivia,Taylor,olivia43@gmail.com,9779044814,Chennai,Karnataka,2026-12-14T00:00:00.000Z
44,Sophia,Wilson,sophia44@gmail.com,9205461786,Bangalore,Maharashtra,2026-10-23T00:00:00.000Z
45,Alice,Jackson,alice45@gmail.com,9202982581,Bangalore,Karnataka,2026-05-22T00:00:00.000Z
46,Sophia,Johnson,sophia46@gmail.com,9612505663,Hyderabad,Karnataka,2026-10-21T00:00:00.000Z
47,Alice,Wilson,alice47@gmail.com,9644270201,Pune,Karnataka,2026-05-23T00:00:00.000Z
48,Robert,Anderson,robert48@gmail.com,9665506853,Pune,Telangana,2026-12-17T00:00:00.000Z
49,Sophia,Anderson,sophia49@gmail.com,9344115315,Pune,Karnataka,2026-12-11T00:00:00.000Z
50,Michael,Smith,michael50@gmail.com,9696306459,Chennai,Maharashtra,2026-07-07T00:00:00.000Z
51,Alice,Smith,alice51@gmail.com,9196675212,Mumbai,Tamil Nadu,2026-01-10T00:00:00.000Z
52,Olivia,Johnson,olivia52@gmail.com,9645440949,Delhi,Delhi,2026-04-17T00:00:00.000Z
53,Robert,Wilson,robert53@gmail.com,9159897365,Pune,Maharashtra,2026-08-25T00:00:00.000Z
54,Olivia,Anderson,olivia54@gmail.com,9112221650,Mumbai,Telangana,2026-10-19T00:00:00.000Z
55,Robert,Anderson,robert55@gmail.com,9134436210,Chennai,Telangana,2026-03-03T00:00:00.000Z
56,Olivia,Anderson,olivia56@gmail.com,9172940281,Pune,Telangana,2026-04-15T00:00:00.000Z
57,Mia,Jackson,mia57@gmail.com,9729637810,Chennai,Telangana,2026-03-20T00:00:00.000Z
58,Michael,Wilson,michael58@gmail.com,9547529815,Delhi,Karnataka,2026-04-26T00:00:00.000Z
59,Mia,Smith,mia59@gmail.com,9531736199,Pune,Telangana,2026-10-12T00:00:00.000Z
60,John,Brown,john60@gmail.com,9649691008,Mumbai,Delhi,2026-04-17T00:00:00.000Z
61,Sophia,Wilson,sophia61@gmail.com,9564013449,Bangalore,Telangana,2026-05-10T00:00:00.000Z
62,David,Thomas,david62@gmail.com,9424392906,Delhi,Karnataka,2026-05-07T00:00:00.000Z
63,Emma,Brown,emma63@gmail.com,9817937208,Bangalore,Telangana,2026-07-19T00:00:00.000Z
64,James,Wilson,james64@gmail.com,9244016873,Bangalore,Delhi,2026-09-26T00:00:00.000Z
65,Alice,Brown,alice65@gmail.com,9722473418,Pune,Karnataka,2026-05-12T00:00:00.000Z
66,Michael,Jackson,michael66@gmail.com,9562520446,Hyderabad,Telangana,2026-05-19T00:00:00.000Z
67,Sophia,Wilson,sophia67@gmail.com,9811602836,Hyderabad,Maharashtra,2026-07-15T00:00:00.000Z
68,Sophia,Johnson,sophia68@gmail.com,9667054799,Mumbai,Maharashtra,2026-10-11T00:00:00.000Z
69,David,Anderson,david69@gmail.com,9242700820,Hyderabad,Tamil Nadu,2026-08-31T00:00:00.000Z
70,Alice,Wilson,alice70@gmail.com,9474656091,Hyderabad,Telangana,2026-04-10T00:00:00.000Z
71,Sophia,Thomas,sophia71@gmail.com,9354152052,Pune,Maharashtra,2026-02-06T00:00:00.000Z
72,Olivia,Thomas,olivia72@gmail.com,9245734672,Pune,Karnataka,2026-10-30T00:00:00.000Z
73,David,Smith,david73@gmail.com,9352713159,Pune,Maharashtra,2026-09-04T00:00:00.000Z
74,Emma,Wilson,emma74@gmail.com,9825688071,Delhi,Delhi,2026-02-23T00:00:00.000Z
75,Michael,Johnson,michael75@gmail.com,9349545677,Chennai,Tamil Nadu,2026-12-31T00:00:00.000Z
76,Olivia,Anderson,olivia76@gmail.com,9847278263,Bangalore,Telangana,2026-04-02T00:00:00.000Z
77,James,Thomas,james77@gmail.com,9410646427,Bangalore,Maharashtra,2026-03-06T00:00:00.000Z
78,Olivia,Taylor,olivia78@gmail.com,9808737265,Hyderabad,Maharashtra,2026-12-23T00:00:00.000Z
79,James,Smith,james79@gmail.com,9486388088,Bangalore,Maharashtra,2026-05-02T00:00:00.000Z
80,Olivia,Taylor,olivia80@gmail.com,9752344336,Hyderabad,Tamil Nadu,2026-03-16T00:00:00.000Z
81,Mia,Wilson,mia81@gmail.com,9478894576,Delhi,Maharashtra,2026-05-17T00:00:00.000Z
82,James,Wilson,james82@gmail.com,9206214692,Hyderabad,Tamil Nadu,2026-06-29T00:00:00.000Z
83,James,Smith,james83@gmail.com,9428555548,Bangalore,Maharashtra,2026-09-01T00:00:00.000Z
84,Mia,Smith,mia84@gmail.com,9210327960,Delhi,Maharashtra,2026-06-10T00:00:00.000Z
85,James,Thomas,james85@gmail.com,9962806819,Delhi,Tamil Nadu,2026-10-24T00:00:00.000Z
86,Olivia,Anderson,olivia86@gmail.com,9452470078,Chennai,Telangana,2026-01-24T00:00:00.000Z
87,Mia,Taylor,mia87@gmail.com,9915013586,Bangalore,Tamil Nadu,2026-09-24T00:00:00.000Z
88,Emma,Wilson,emma88@gmail.com,9209369428,Bangalore,Tamil Nadu,2026-10-19T00:00:00.000Z
89,Olivia,Smith,olivia89@gmail.com,9632038324,Delhi,Delhi,2026-11-30T00:00:00.000Z
90,John,Taylor,john90@gmail.com,9994342296,Pune,Karnataka,2026-01-06T00:00:00.000Z
91,Emma,Brown,emma91@gmail.com,9375035375,Delhi,Telangana,2026-11-03T00:00:00.000Z
92,Sophia,Thomas,sophia92@gmail.com,9688185861,Pune,Telangana,2026-05-14T00:00:00.000Z
93,Michael,Thomas,michael93@gmail.com,9146798854,Hyderabad,Karnataka,2026-10-24T00:00:00.000Z
94,John,Johnson,john94@gmail.com,9704958269,Chennai,Tamil Nadu,2026-04-26T00:00:00.000Z
95,Mia,Johnson,mia95@gmail.com,9837753879,Pune,Delhi,2026-10-05T00:00:00.000Z
96,Olivia,Taylor,olivia96@gmail.com,9916893686,Hyderabad,Tamil Nadu,2026-01-18T00:00:00.000Z
97,John,Johnson,john97@gmail.com,9350566935,Chennai,Telangana,2026-09-06T00:00:00.000Z
98,Michael,Johnson,michael98@gmail.com,9823119591,Chennai,Tamil Nadu,2026-09-28T00:00:00.000Z
99,Michael,Thomas,michael99@gmail.com,9287605891,Chennai,Tamil Nadu,2026-02-03T00:00:00.000Z
100,Olivia,Johnson,olivia100@gmail.com,9122904287,Chennai,Tamil Nadu,2026-11-06T00:00:00.000Z
101,John,Thomas,john101@gmail.com,9893440681,Hyderabad,Delhi,2026-08-08T00:00:00.000Z
102,Sophia,Taylor,sophia102@gmail.com,9238092200,Chennai,Maharashtra,2026-10-28T00:00:00.000Z
103,Emma,Anderson,emma103@gmail.com,9526683352,Delhi,Maharashtra,2026-11-21T00:00:00.000Z
104,Mia,Thomas,mia104@gmail.com,9317590460,Mumbai,Karnataka,2026-06-07T00:00:00.000Z
105,Alice,Thomas,alice105@gmail.com,9529675060,Delhi,Delhi,2026-02-12T00:00:00.000Z
106,Robert,Johnson,robert106@gmail.com,9346430459,Delhi,Telangana,2026-02-24T00:00:00.000Z
107,Emma,Anderson,emma107@gmail.com,9144543613,Mumbai,Telangana,2026-08-03T00:00:00.000Z
108,Michael,Brown,michael108@gmail.com,9905113757,Mumbai,Telangana,2026-02-15T00:00:00.000Z
109,David,Anderson,david109@gmail.com,9488573373,Bangalore,Delhi,2026-10-21T00:00:00.000Z
110,Sophia,Taylor,sophia110@gmail.com,9651366529,Chennai,Karnataka,2026-10-08T00:00:00.000Z
111,Mia,Johnson,mia111@gmail.com,9639756672,Mumbai,Karnataka,2026-01-08T00:00:00.000Z
112,Olivia,Thomas,olivia112@gmail.com,9814589338,Bangalore,Maharashtra,2026-09-28T00:00:00.000Z
113,Emma,Wilson,emma113@gmail.com,9986247509,Mumbai,Delhi,2026-03-28T00:00:00.000Z
114,Olivia,Taylor,olivia114@gmail.com,9541050577,Hyderabad,Karnataka,2026-03-31T00:00:00.000Z
115,John,Taylor,john115@gmail.com,9399667299,Hyderabad,Tamil Nadu,2026-04-27T00:00:00.000Z
116,Sophia,Brown,sophia116@gmail.com,9371832934,Mumbai,Karnataka,2026-11-06T00:00:00.000Z
117,Michael,Johnson,michael117@gmail.com,9814901975,Hyderabad,Telangana,2026-04-12T00:00:00.000Z
118,Emma,Brown,emma118@gmail.com,9232749546,Pune,Maharashtra,2026-01-11T00:00:00.000Z
119,Sophia,Taylor,sophia119@gmail.com,9926371742,Bangalore,Telangana,2026-11-02T00:00:00.000Z
120,John,Wilson,john120@gmail.com,9977698283,Delhi,Karnataka,2026-08-16T00:00:00.000Z
121,Olivia,Jackson,olivia121@gmail.com,9188391965,Mumbai,Karnataka,2026-05-02T00:00:00.000Z
122,John,Thomas,john122@gmail.com,9654616214,Chennai,Telangana,2026-11-28T00:00:00.000Z
123,Sophia,Thomas,sophia123@gmail.com,9966919936,Pune,Karnataka,2026-04-12T00:00:00.000Z
124,Mia,Jackson,mia124@gmail.com,9890740614,Hyderabad,Delhi,2026-12-25T00:00:00.000Z
125,Mia,Johnson,mia125@gmail.com,9146389447,Bangalore,Tamil Nadu,2026-08-29T00:00:00.000Z
126,Emma,Jackson,emma126@gmail.com,9994577916,Pune,Karnataka,2026-04-08T00:00:00.000Z
127,Michael,Thomas,michael127@gmail.com,9984635411,Mumbai,Tamil Nadu,2026-10-01T00:00:00.000Z
128,Emma,Brown,emma128@gmail.com,9624098586,Mumbai,Telangana,2026-04-01T00:00:00.000Z
129,David,Thomas,david129@gmail.com,9767675550,Delhi,Maharashtra,2026-12-11T00:00:00.000Z
130,Emma,Thomas,emma130@gmail.com,9728678302,Hyderabad,Telangana,2026-08-29T00:00:00.000Z
131,David,Taylor,david131@gmail.com,9214564543,Bangalore,Telangana,2026-11-25T00:00:00.000Z
132,David,Wilson,david132@gmail.com,9356102139,Bangalore,Maharashtra,2026-08-24T00:00:00.000Z
133,Michael,Jackson,michael133@gmail.com,9593817598,Mumbai,Telangana,2026-04-07T00:00:00.000Z
134,James,Johnson,james134@gmail.com,9975091790,Mumbai,Maharashtra,2026-11-29T00:00:00.000Z
135,James,Jackson,james135@gmail.com,9288675122,Bangalore,Maharashtra,2026-10-12T00:00:00.000Z
136,Sophia,Smith,sophia136@gmail.com,9100012661,Chennai,Tamil Nadu,2026-03-27T00:00:00.000Z
137,David,Brown,david137@gmail.com,9602184622,Hyderabad,Karnataka,2026-08-13T00:00:00.000Z
138,James,Jackson,james138@gmail.com,9591073543,Hyderabad,Telangana,2026-07-08T00:00:00.000Z
139,David,Brown,david139@gmail.com,9538503160,Bangalore,Delhi,2026-03-23T00:00:00.000Z
140,Mia,Brown,mia140@gmail.com,9825235563,Mumbai,Tamil Nadu,2026-06-27T00:00:00.000Z
141,Alice,Wilson,alice141@gmail.com,9835336682,Pune,Tamil Nadu,2026-11-29T00:00:00.000Z
142,Mia,Smith,mia142@gmail.com,9704707140,Delhi,Maharashtra,2026-09-29T00:00:00.000Z
143,Robert,Taylor,robert143@gmail.com,9415016385,Hyderabad,Tamil Nadu,2026-10-17T00:00:00.000Z
144,John,Anderson,john144@gmail.com,9687161826,Hyderabad,Tamil Nadu,2026-04-24T00:00:00.000Z
145,James,Wilson,james145@gmail.com,9780166447,Mumbai,Tamil Nadu,2026-10-20T00:00:00.000Z
146,Alice,Taylor,alice146@gmail.com,9718098197,Mumbai,Delhi,2026-09-23T00:00:00.000Z
147,Mia,Anderson,mia147@gmail.com,9584536900,Bangalore,Tamil Nadu,2026-06-07T00:00:00.000Z
148,Emma,Smith,emma148@gmail.com,9937571100,Hyderabad,Maharashtra,2026-12-23T00:00:00.000Z
149,Michael,Anderson,michael149@gmail.com,9573487218,Delhi,Maharashtra,2026-10-13T00:00:00.000Z
150,Robert,Wilson,robert150@gmail.com,9720078583,Hyderabad,Telangana,2026-01-17T00:00:00.000Z
151,Alice,Johnson,alice151@gmail.com,9184210438,Bangalore,Telangana,2026-10-18T00:00:00.000Z
152,Emma,Wilson,emma152@gmail.com,9455924111,Mumbai,Karnataka,2026-06-23T00:00:00.000Z
153,Alice,Brown,alice153@gmail.com,9750148092,Pune,Telangana,2026-12-07T00:00:00.000Z
154,James,Smith,james154@gmail.com,9715087297,Pune,Telangana,2026-10-04T00:00:00.000Z
155,Robert,Jackson,robert155@gmail.com,9748446794,Pune,Tamil Nadu,2026-03-15T00:00:00.000Z
156,Olivia,Jackson,olivia156@gmail.com,9785465546,Mumbai,Telangana,2026-09-26T00:00:00.000Z
157,James,Smith,james157@gmail.com,9657002578,Delhi,Tamil Nadu,2026-09-12T00:00:00.000Z
158,James,Anderson,james158@gmail.com,9800452463,Bangalore,Karnataka,2026-07-12T00:00:00.000Z
159,John,Jackson,john159@gmail.com,9975824413,Hyderabad,Tamil Nadu,2026-02-24T00:00:00.000Z
160,Mia,Thomas,mia160@gmail.com,9860908633,Bangalore,Telangana,2026-12-23T00:00:00.000Z
161,Michael,Thomas,michael161@gmail.com,9941872646,Delhi,Tamil Nadu,2026-05-19T00:00:00.000Z
162,Sophia,Wilson,sophia162@gmail.com,9518601721,Mumbai,Delhi,2026-07-26T00:00:00.000Z
163,Robert,Brown,robert163@gmail.com,9343551227,Pune,Telangana,2026-08-07T00:00:00.000Z
164,Mia,Johnson,mia164@gmail.com,9131778141,Hyderabad,Maharashtra,2026-07-13T00:00:00.000Z
165,Alice,Jackson,alice165@gmail.com,9108615741,Hyderabad,Delhi,2026-11-13T00:00:00.000Z
166,James,Smith,james166@gmail.com,9627780195,Bangalore,Maharashtra,2026-02-28T00:00:00.000Z
167,Alice,Wilson,alice167@gmail.com,9377723962,Delhi,Maharashtra,2026-05-14T00:00:00.000Z
168,Emma,Taylor,emma168@gmail.com,9929790021,Hyderabad,Karnataka,2026-06-03T00:00:00.000Z
169,Sophia,Anderson,sophia169@gmail.com,9500165384,Bangalore,Maharashtra,2026-11-18T00:00:00.000Z
170,David,Brown,david170@gmail.com,9539353616,Chennai,Delhi,2026-12-12T00:00:00.000Z
171,Emma,Taylor,emma171@gmail.com,9656714800,Hyderabad,Telangana,2026-05-10T00:00:00.000Z
172,James,Smith,james172@gmail.com,9998421450,Mumbai,Maharashtra,2026-10-18T00:00:00.000Z
173,Olivia,Thomas,olivia173@gmail.com,9933309176,Mumbai,Telangana,2026-03-16T00:00:00.000Z
174,John,Thomas,john174@gmail.com,9646618219,Delhi,Karnataka,2026-11-28T00:00:00.000Z
175,Sophia,Smith,sophia175@gmail.com,9641423505,Delhi,Tamil Nadu,2026-02-20T00:00:00.000Z
176,Alice,Anderson,alice176@gmail.com,9808127791,Chennai,Delhi,2026-06-10T00:00:00.000Z
177,David,Thomas,david177@gmail.com,9104187711,Hyderabad,Telangana,2026-01-09T00:00:00.000Z
178,Emma,Taylor,emma178@gmail.com,9676130700,Hyderabad,Karnataka,2026-07-11T00:00:00.000Z
179,Robert,Thomas,robert179@gmail.com,9969136806,Bangalore,Maharashtra,2026-01-27T00:00:00.000Z
180,Alice,Smith,alice180@gmail.com,9678945066,Pune,Delhi,2026-10-16T00:00:00.000Z
181,Robert,Jackson,robert181@gmail.com,9397844795,Delhi,Karnataka,2026-02-27T00:00:00.000Z
182,Mia,Taylor,mia182@gmail.com,9438993249,Hyderabad,Tamil Nadu,2026-01-24T00:00:00.000Z
183,James,Taylor,james183@gmail.com,9453443694,Pune,Karnataka,2026-02-08T00:00:00.000Z
184,Alice,Thomas,alice184@gmail.com,9510378880,Hyderabad,Delhi,2026-10-19T00:00:00.000Z
185,Michael,Wilson,michael185@gmail.com,9563284103,Chennai,Karnataka,2026-06-02T00:00:00.000Z
186,Olivia,Johnson,olivia186@gmail.com,9902221974,Pune,Karnataka,2026-09-28T00:00:00.000Z
187,Emma,Jackson,emma187@gmail.com,9573000392,Pune,Karnataka,2026-02-06T00:00:00.000Z
188,Mia,Brown,mia188@gmail.com,9624700178,Pune,Maharashtra,2026-11-18T00:00:00.000Z
189,Mia,Taylor,mia189@gmail.com,9261495371,Delhi,Karnataka,2026-08-10T00:00:00.000Z
190,David,Wilson,david190@gmail.com,9948660775,Chennai,Tamil Nadu,2026-08-19T00:00:00.000Z
191,James,Anderson,james191@gmail.com,9862567708,Chennai,Tamil Nadu,2026-11-18T00:00:00.000Z
192,James,Jackson,james192@gmail.com,9238726430,Pune,Delhi,2026-12-31T00:00:00.000Z
193,Sophia,Johnson,sophia193@gmail.com,9689593385,Hyderabad,Telangana,2026-08-08T00:00:00.000Z
194,Olivia,Smith,olivia194@gmail.com,9261547881,Bangalore,Tamil Nadu,2026-11-26T00:00:00.000Z
195,Alice,Thomas,alice195@gmail.com,9446792698,Hyderabad,Tamil Nadu,2026-02-16T00:00:00.000Z
196,James,Brown,james196@gmail.com,9578582098,Pune,Telangana,2026-10-17T00:00:00.000Z
197,James,Thomas,james197@gmail.com,9750478403,Bangalore,Tamil Nadu,2026-05-08T00:00:00.000Z
198,Olivia,Johnson,olivia198@gmail.com,9156982064,Delhi,Maharashtra,2026-03-03T00:00:00.000Z
199,Emma,Wilson,emma199@gmail.com,9941546440,Delhi,Delhi,2026-08-21T00:00:00.000Z
200,Olivia,Johnson,olivia200@gmail.com,9514156206,Hyderabad,Karnataka,2026-01-12T00:00:00.000Z
201,Michael,Brown,michael201@gmail.com,9637014382,Delhi,Delhi,2026-11-07T00:00:00.000Z
202,James,Johnson,james202@gmail.com,9143996749,Pune,Karnataka,2026-12-11T00:00:00.000Z
203,Sophia,Brown,sophia203@gmail.com,9947218391,Bangalore,Maharashtra,2026-03-27T00:00:00.000Z
204,James,Taylor,james204@gmail.com,9743984398,Delhi,Maharashtra,2026-10-09T00:00:00.000Z
205,Michael,Wilson,michael205@gmail.com,9699509819,Pune,Telangana,2026-08-08T00:00:00.000Z
206,Mia,Taylor,mia206@gmail.com,9476694671,Pune,Maharashtra,2026-04-30T00:00:00.000Z
207,David,Wilson,david207@gmail.com,9724442124,Pune,Tamil Nadu,2026-02-14T00:00:00.000Z
208,Emma,Brown,emma208@gmail.com,9695357907,Mumbai,Tamil Nadu,2026-09-17T00:00:00.000Z
209,Mia,Taylor,mia209@gmail.com,9940920470,Hyderabad,Telangana,2026-07-09T00:00:00.000Z
210,Sophia,Wilson,sophia210@gmail.com,9456550753,Mumbai,Tamil Nadu,2026-07-14T00:00:00.000Z
211,Emma,Johnson,emma211@gmail.com,9294306428,Bangalore,Karnataka,2026-04-02T00:00:00.000Z
212,Robert,Johnson,robert212@gmail.com,9820945118,Mumbai,Delhi,2026-11-02T00:00:00.000Z
213,Alice,Brown,alice213@gmail.com,9141533498,Chennai,Maharashtra,2026-09-17T00:00:00.000Z
214,James,Anderson,james214@gmail.com,9549257122,Delhi,Tamil Nadu,2026-07-16T00:00:00.000Z
215,Alice,Smith,alice215@gmail.com,9234974260,Pune,Tamil Nadu,2026-10-05T00:00:00.000Z
216,Mia,Smith,mia216@gmail.com,9817032833,Pune,Tamil Nadu,2026-08-14T00:00:00.000Z
217,Mia,Anderson,mia217@gmail.com,9559311689,Pune,Telangana,2026-06-01T00:00:00.000Z
218,Robert,Johnson,robert218@gmail.com,9153324655,Pune,Telangana,2026-07-24T00:00:00.000Z
219,Michael,Jackson,michael219@gmail.com,9912926446,Pune,Telangana,2026-09-09T00:00:00.000Z
220,Robert,Wilson,robert220@gmail.com,9207290075,Mumbai,Tamil Nadu,2026-12-27T00:00:00.000Z
221,Olivia,Jackson,olivia221@gmail.com,9175385306,Pune,Delhi,2026-01-02T00:00:00.000Z
222,David,Thomas,david222@gmail.com,9754393166,Delhi,Maharashtra,2026-07-28T00:00:00.000Z
223,Alice,Brown,alice223@gmail.com,9180984941,Pune,Tamil Nadu,2026-03-18T00:00:00.000Z
224,Mia,Brown,mia224@gmail.com,9199317205,Mumbai,Tamil Nadu,2026-01-09T00:00:00.000Z
225,James,Taylor,james225@gmail.com,9566415039,Delhi,Delhi,2026-06-07T00:00:00.000Z
226,Emma,Thomas,emma226@gmail.com,9967606481,Delhi,Delhi,2026-03-31T00:00:00.000Z
227,Alice,Brown,alice227@gmail.com,9404444214,Pune,Maharashtra,2026-09-23T00:00:00.000Z
228,Sophia,Anderson,sophia228@gmail.com,9922454113,Bangalore,Maharashtra,2026-06-17T00:00:00.000Z
229,Alice,Taylor,alice229@gmail.com,9917291920,Pune,Telangana,2026-11-25T00:00:00.000Z
230,Emma,Wilson,emma230@gmail.com,9393075159,Mumbai,Tamil Nadu,2026-05-06T00:00:00.000Z
231,Robert,Brown,robert231@gmail.com,9456511998,Hyderabad,Karnataka,2026-01-17T00:00:00.000Z
232,Michael,Anderson,michael232@gmail.com,9576140089,Bangalore,Tamil Nadu,2026-01-09T00:00:00.000Z
233,Emma,Jackson,emma233@gmail.com,9784521209,Mumbai,Delhi,2026-03-05T00:00:00.000Z
234,David,Johnson,david234@gmail.com,9828081944,Mumbai,Telangana,2026-06-24T00:00:00.000Z
235,Emma,Brown,emma235@gmail.com,9460724735,Delhi,Maharashtra,2026-04-19T00:00:00.000Z
236,Sophia,Johnson,sophia236@gmail.com,9824458765,Hyderabad,Delhi,2026-09-15T00:00:00.000Z
237,John,Jackson,john237@gmail.com,9622127300,Bangalore,Maharashtra,2026-03-15T00:00:00.000Z
238,Robert,Brown,robert238@gmail.com,9668045294,Hyderabad,Telangana,2026-01-24T00:00:00.000Z
239,Emma,Thomas,emma239@gmail.com,9295078523,Pune,Maharashtra,2026-09-29T00:00:00.000Z
240,John,Brown,john240@gmail.com,9253044847,Bangalore,Tamil Nadu,2026-03-10T00:00:00.000Z
241,James,Jackson,james241@gmail.com,9248796133,Pune,Karnataka,2026-02-21T00:00:00.000Z
242,David,Brown,david242@gmail.com,9410047939,Bangalore,Maharashtra,2026-11-13T00:00:00.000Z
243,Robert,Jackson,robert243@gmail.com,9383208955,Mumbai,Tamil Nadu,2026-05-26T00:00:00.000Z
244,Alice,Anderson,alice244@gmail.com,9290552008,Hyderabad,Karnataka,2026-07-20T00:00:00.000Z
245,Mia,Anderson,mia245@gmail.com,9474117829,Bangalore,Maharashtra,2026-07-17T00:00:00.000Z
246,Alice,Brown,alice246@gmail.com,9397120223,Delhi,Tamil Nadu,2026-06-05T00:00:00.000Z
247,Sophia,Wilson,sophia247@gmail.com,9207385532,Pune,Tamil Nadu,2026-11-02T00:00:00.000Z
248,Robert,Taylor,robert248@gmail.com,9249066860,Delhi,Tamil Nadu,2026-10-19T00:00:00.000Z
249,Alice,Jackson,alice249@gmail.com,9912164388,Bangalore,Tamil Nadu,2026-05-26T00:00:00.000Z
250,Olivia,Smith,olivia250@gmail.com,9754218049,Mumbai,Karnataka,2026-10-11T00:00:00.000Z
251,Mia,Jackson,mia251@gmail.com,9155653884,Hyderabad,Maharashtra,2026-02-25T00:00:00.000Z
252,James,Smith,james252@gmail.com,9294676196,Hyderabad,Maharashtra,2026-03-08T00:00:00.000Z
253,Michael,Thomas,michael253@gmail.com,9720495725,Pune,Delhi,2026-04-06T00:00:00.000Z
254,James,Taylor,james254@gmail.com,9537466625,Delhi,Maharashtra,2026-12-04T00:00:00.000Z
255,Alice,Taylor,alice255@gmail.com,9515821876,Mumbai,Tamil Nadu,2026-12-31T00:00:00.000Z
256,Mia,Thomas,mia256@gmail.com,9630026863,Hyderabad,Delhi,2026-12-09T00:00:00.000Z
257,Sophia,Wilson,sophia257@gmail.com,9466302991,Chennai,Karnataka,2026-12-28T00:00:00.000Z
258,Michael,Brown,michael258@gmail.com,9241665043,Bangalore,Telangana,2026-09-12T00:00:00.000Z
259,Michael,Jackson,michael259@gmail.com,9216759957,Delhi,Tamil Nadu,2026-08-10T00:00:00.000Z
260,Alice,Johnson,alice260@gmail.com,9509381949,Bangalore,Delhi,2026-01-31T00:00:00.000Z
261,Olivia,Taylor,olivia261@gmail.com,9591474566,Chennai,Maharashtra,2026-06-16T00:00:00.000Z
262,James,Thomas,james262@gmail.com,9354922059,Bangalore,Karnataka,2026-12-19T00:00:00.000Z
263,Michael,Jackson,michael263@gmail.com,9838509430,Hyderabad,Telangana,2026-11-12T00:00:00.000Z
264,Mia,Jackson,mia264@gmail.com,9450665775,Delhi,Karnataka,2026-09-24T00:00:00.000Z
265,Olivia,Johnson,olivia265@gmail.com,9879294054,Bangalore,Tamil Nadu,2026-03-04T00:00:00.000Z
266,Alice,Anderson,alice266@gmail.com,9182669644,Delhi,Maharashtra,2026-08-12T00:00:00.000Z
267,Olivia,Jackson,olivia267@gmail.com,9481259100,Hyderabad,Tamil Nadu,2026-05-19T00:00:00.000Z
268,John,Johnson,john268@gmail.com,9222729370,Hyderabad,Tamil Nadu,2026-05-10T00:00:00.000Z
269,Sophia,Taylor,sophia269@gmail.com,9411210426,Delhi,Delhi,2026-10-14T00:00:00.000Z
270,David,Brown,david270@gmail.com,9394184901,Mumbai,Karnataka,2026-09-11T00:00:00.000Z
271,James,Anderson,james271@gmail.com,9960180409,Delhi,Tamil Nadu,2026-02-23T00:00:00.000Z
272,Olivia,Smith,olivia272@gmail.com,9272409289,Chennai,Telangana,2026-01-13T00:00:00.000Z
273,James,Brown,james273@gmail.com,9635444883,Bangalore,Karnataka,2026-12-20T00:00:00.000Z
274,John,Taylor,john274@gmail.com,9395289461,Chennai,Delhi,2026-01-21T00:00:00.000Z
275,David,Wilson,david275@gmail.com,9493326769,Bangalore,Karnataka,2026-04-22T00:00:00.000Z
276,Alice,Anderson,alice276@gmail.com,9933437520,Mumbai,Maharashtra,2026-05-18T00:00:00.000Z
277,Emma,Brown,emma277@gmail.com,9258005182,Pune,Telangana,2026-01-21T00:00:00.000Z
278,James,Brown,james278@gmail.com,9501466849,Bangalore,Tamil Nadu,2026-06-30T00:00:00.000Z
279,Olivia,Brown,olivia279@gmail.com,9386273071,Pune,Delhi,2026-12-04T00:00:00.000Z
280,Emma,Wilson,emma280@gmail.com,9525994960,Hyderabad,Telangana,2026-01-10T00:00:00.000Z
281,Mia,Wilson,mia281@gmail.com,9787882455,Pune,Delhi,2026-04-24T00:00:00.000Z
282,John,Smith,john282@gmail.com,9831510272,Delhi,Delhi,2026-10-07T00:00:00.000Z
283,Alice,Johnson,alice283@gmail.com,9373897074,Mumbai,Tamil Nadu,2026-01-23T00:00:00.000Z
284,James,Thomas,james284@gmail.com,9117119236,Hyderabad,Delhi,2026-08-19T00:00:00.000Z
285,Alice,Thomas,alice285@gmail.com,9659427808,Chennai,Karnataka,2026-01-26T00:00:00.000Z
286,Olivia,Jackson,olivia286@gmail.com,9559579875,Chennai,Delhi,2026-07-24T00:00:00.000Z
287,Mia,Taylor,mia287@gmail.com,9191086480,Delhi,Maharashtra,2026-01-07T00:00:00.000Z
288,Robert,Taylor,robert288@gmail.com,9443582051,Delhi,Delhi,2026-09-19T00:00:00.000Z
289,Olivia,Jackson,olivia289@gmail.com,9432482680,Bangalore,Telangana,2026-04-21T00:00:00.000Z
290,Robert,Johnson,robert290@gmail.com,9836987287,Pune,Karnataka,2026-09-09T00:00:00.000Z
291,Michael,Smith,michael291@gmail.com,9657223116,Chennai,Delhi,2026-09-14T00:00:00.000Z
292,John,Anderson,john292@gmail.com,9623688332,Mumbai,Delhi,2026-08-06T00:00:00.000Z
293,Emma,Taylor,emma293@gmail.com,9886823381,Delhi,Tamil Nadu,2026-10-13T00:00:00.000Z
294,Alice,Johnson,alice294@gmail.com,9706340358,Bangalore,Tamil Nadu,2026-06-08T00:00:00.000Z
295,Sophia,Smith,sophia295@gmail.com,9413737450,Delhi,Tamil Nadu,2026-10-26T00:00:00.000Z
296,James,Smith,james296@gmail.com,9498565427,Chennai,Delhi,2026-02-14T00:00:00.000Z
297,John,Wilson,john297@gmail.com,9445415028,Chennai,Maharashtra,2026-01-02T00:00:00.000Z
298,Robert,Taylor,robert298@gmail.com,9739915055,Delhi,Delhi,2026-01-03T00:00:00.000Z
299,Alice,Anderson,alice299@gmail.com,9339881740,Hyderabad,Tamil Nadu,2026-05-29T00:00:00.000Z
300,John,Brown,john300@gmail.com,9596531475,Hyderabad,Maharashtra,2026-11-27T00:00:00.000Z
301,John,Thomas,john301@gmail.com,9631588636,Mumbai,Maharashtra,2026-08-16T00:00:00.000Z
302,David,Wilson,david302@gmail.com,9251425768,Pune,Maharashtra,2026-06-20T00:00:00.000Z
303,David,Thomas,david303@gmail.com,9792294690,Bangalore,Karnataka,2026-06-05T00:00:00.000Z
304,Michael,Brown,michael304@gmail.com,9633548517,Chennai,Tamil Nadu,2026-12-04T00:00:00.000Z
305,John,Wilson,john305@gmail.com,9288965282,Delhi,Maharashtra,2026-11-13T00:00:00.000Z
306,Michael,Wilson,michael306@gmail.com,9783866804,Delhi,Delhi,2026-05-25T00:00:00.000Z
307,Olivia,Brown,olivia307@gmail.com,9268306595,Mumbai,Telangana,2026-09-27T00:00:00.000Z
308,Robert,Johnson,robert308@gmail.com,9685719835,Pune,Karnataka,2026-08-07T00:00:00.000Z
309,Olivia,Anderson,olivia309@gmail.com,9667570037,Hyderabad,Tamil Nadu,2026-10-24T00:00:00.000Z
310,Olivia,Taylor,olivia310@gmail.com,9940921083,Hyderabad,Tamil Nadu,2026-10-14T00:00:00.000Z
311,Robert,Smith,robert311@gmail.com,9340293044,Pune,Telangana,2026-09-05T00:00:00.000Z
312,Alice,Brown,alice312@gmail.com,9121855400,Pune,Maharashtra,2026-08-09T00:00:00.000Z
313,Robert,Brown,robert313@gmail.com,9586113040,Mumbai,Tamil Nadu,2026-02-18T00:00:00.000Z
314,Michael,Smith,michael314@gmail.com,9772834302,Bangalore,Telangana,2026-07-18T00:00:00.000Z
315,Sophia,Smith,sophia315@gmail.com,9623152645,Hyderabad,Tamil Nadu,2026-05-29T00:00:00.000Z
316,Michael,Wilson,michael316@gmail.com,9832966110,Mumbai,Delhi,2026-08-01T00:00:00.000Z
317,Michael,Anderson,michael317@gmail.com,9160462632,Delhi,Maharashtra,2026-02-13T00:00:00.000Z
318,Olivia,Smith,olivia318@gmail.com,9179529219,Bangalore,Telangana,2026-03-22T00:00:00.000Z
319,Robert,Taylor,robert319@gmail.com,9986650715,Bangalore,Telangana,2026-01-18T00:00:00.000Z
320,David,Wilson,david320@gmail.com,9510096025,Chennai,Delhi,2026-08-24T00:00:00.000Z
321,Emma,Johnson,emma321@gmail.com,9364524697,Pune,Tamil Nadu,2026-03-22T00:00:00.000Z
322,David,Thomas,david322@gmail.com,9100626875,Mumbai,Tamil Nadu,2026-12-21T00:00:00.000Z
323,David,Jackson,david323@gmail.com,9870567814,Mumbai,Tamil Nadu,2026-06-22T00:00:00.000Z
324,Olivia,Wilson,olivia324@gmail.com,9152932819,Delhi,Tamil Nadu,2026-12-04T00:00:00.000Z
325,Alice,Brown,alice325@gmail.com,9146077631,Mumbai,Tamil Nadu,2026-05-17T00:00:00.000Z
326,James,Jackson,james326@gmail.com,9914099789,Mumbai,Delhi,2026-05-05T00:00:00.000Z
327,Michael,Anderson,michael327@gmail.com,9146984755,Mumbai,Maharashtra,2026-04-28T00:00:00.000Z
328,Michael,Brown,michael328@gmail.com,9686286648,Mumbai,Delhi,2026-05-15T00:00:00.000Z
329,David,Wilson,david329@gmail.com,9484717439,Pune,Tamil Nadu,2026-03-13T00:00:00.000Z
330,Mia,Anderson,mia330@gmail.com,9242062128,Bangalore,Delhi,2026-04-17T00:00:00.000Z
331,Mia,Anderson,mia331@gmail.com,9684749369,Hyderabad,Delhi,2026-02-09T00:00:00.000Z
332,Robert,Johnson,robert332@gmail.com,9955064791,Hyderabad,Tamil Nadu,2026-08-14T00:00:00.000Z
333,Michael,Thomas,michael333@gmail.com,9849168419,Pune,Telangana,2026-08-09T00:00:00.000Z
334,John,Smith,john334@gmail.com,9236653588,Hyderabad,Tamil Nadu,2026-10-19T00:00:00.000Z
335,James,Johnson,james335@gmail.com,9905766955,Hyderabad,Maharashtra,2026-05-22T00:00:00.000Z
336,Sophia,Smith,sophia336@gmail.com,9971108480,Mumbai,Maharashtra,2026-05-25T00:00:00.000Z
337,Olivia,Jackson,olivia337@gmail.com,9937259720,Chennai,Maharashtra,2026-11-29T00:00:00.000Z
338,John,Taylor,john338@gmail.com,9208940723,Bangalore,Maharashtra,2026-09-17T00:00:00.000Z
339,Alice,Thomas,alice339@gmail.com,9109247739,Bangalore,Tamil Nadu,2026-07-31T00:00:00.000Z
340,Michael,Brown,michael340@gmail.com,9897425573,Hyderabad,Telangana,2026-09-28T00:00:00.000Z
341,Michael,Smith,michael341@gmail.com,9489951936,Delhi,Karnataka,2026-01-26T00:00:00.000Z
342,Robert,Smith,robert342@gmail.com,9855339402,Hyderabad,Maharashtra,2026-09-03T00:00:00.000Z
343,Robert,Thomas,robert343@gmail.com,9513154939,Mumbai,Maharashtra,2026-06-13T00:00:00.000Z
344,Mia,Anderson,mia344@gmail.com,9430736484,Mumbai,Telangana,2026-11-07T00:00:00.000Z
345,James,Jackson,james345@gmail.com,9798697995,Chennai,Maharashtra,2026-01-24T00:00:00.000Z
346,Alice,Thomas,alice346@gmail.com,9282452653,Hyderabad,Delhi,2026-05-21T00:00:00.000Z
347,James,Johnson,james347@gmail.com,9338681649,Pune,Tamil Nadu,2026-05-18T00:00:00.000Z
348,Emma,Wilson,emma348@gmail.com,9704723817,Chennai,Karnataka,2026-04-22T00:00:00.000Z
349,Robert,Johnson,robert349@gmail.com,9462007603,Chennai,Tamil Nadu,2026-11-30T00:00:00.000Z
350,Michael,Wilson,michael350@gmail.com,9396771241,Bangalore,Karnataka,2026-12-10T00:00:00.000Z
351,David,Anderson,david351@gmail.com,9698570099,Pune,Karnataka,2026-12-05T00:00:00.000Z
352,Emma,Johnson,emma352@gmail.com,9155421694,Bangalore,Maharashtra,2026-01-10T00:00:00.000Z
353,Sophia,Johnson,sophia353@gmail.com,9640097659,Chennai,Maharashtra,2026-12-19T00:00:00.000Z
354,Mia,Jackson,mia354@gmail.com,9431491150,Pune,Maharashtra,2026-05-10T00:00:00.000Z
355,Mia,Johnson,mia355@gmail.com,9953893910,Chennai,Telangana,2026-06-01T00:00:00.000Z
356,Alice,Johnson,alice356@gmail.com,9747161388,Hyderabad,Telangana,2026-06-06T00:00:00.000Z
357,Robert,Jackson,robert357@gmail.com,9609475069,Pune,Tamil Nadu,2026-02-22T00:00:00.000Z
358,Sophia,Johnson,sophia358@gmail.com,9951396889,Bangalore,Telangana,2026-02-02T00:00:00.000Z
359,Robert,Wilson,robert359@gmail.com,9290539614,Mumbai,Maharashtra,2026-04-04T00:00:00.000Z
360,Sophia,Johnson,sophia360@gmail.com,9934614600,Mumbai,Delhi,2026-09-29T00:00:00.000Z
361,David,Brown,david361@gmail.com,9264874533,Pune,Telangana,2026-04-08T00:00:00.000Z
362,David,Brown,david362@gmail.com,9158360942,Bangalore,Delhi,2026-07-17T00:00:00.000Z
363,Alice,Brown,alice363@gmail.com,9351994486,Mumbai,Delhi,2026-06-15T00:00:00.000Z
364,Robert,Johnson,robert364@gmail.com,9526841241,Mumbai,Delhi,2026-08-18T00:00:00.000Z
365,Alice,Smith,alice365@gmail.com,9535006112,Mumbai,Telangana,2026-12-12T00:00:00.000Z
366,Michael,Taylor,michael366@gmail.com,9412690127,Delhi,Karnataka,2026-03-12T00:00:00.000Z
367,Mia,Wilson,mia367@gmail.com,9906750508,Chennai,Tamil Nadu,2026-04-15T00:00:00.000Z
368,Robert,Smith,robert368@gmail.com,9618299571,Pune,Maharashtra,2026-01-04T00:00:00.000Z
369,Alice,Johnson,alice369@gmail.com,9378878407,Bangalore,Karnataka,2026-02-17T00:00:00.000Z
370,James,Taylor,james370@gmail.com,9841011563,Delhi,Maharashtra,2026-12-15T00:00:00.000Z
371,Alice,Brown,alice371@gmail.com,9953487773,Bangalore,Tamil Nadu,2026-11-09T00:00:00.000Z
372,Olivia,Smith,olivia372@gmail.com,9740905207,Bangalore,Karnataka,2026-02-07T00:00:00.000Z
373,John,Wilson,john373@gmail.com,9570287007,Hyderabad,Delhi,2026-04-05T00:00:00.000Z
374,James,Brown,james374@gmail.com,9457465417,Bangalore,Tamil Nadu,2026-10-28T00:00:00.000Z
375,Mia,Thomas,mia375@gmail.com,9999619541,Hyderabad,Karnataka,2026-06-06T00:00:00.000Z
376,Olivia,Taylor,olivia376@gmail.com,9431562874,Delhi,Karnataka,2026-07-24T00:00:00.000Z
377,Emma,Taylor,emma377@gmail.com,9192950951,Hyderabad,Tamil Nadu,2026-01-17T00:00:00.000Z
378,James,Smith,james378@gmail.com,9791242946,Chennai,Maharashtra,2026-12-09T00:00:00.000Z
379,Olivia,Johnson,olivia379@gmail.com,9378282094,Bangalore,Telangana,2026-07-12T00:00:00.000Z
380,Michael,Smith,michael380@gmail.com,9227660647,Mumbai,Karnataka,2026-02-16T00:00:00.000Z
381,Sophia,Johnson,sophia381@gmail.com,9496943126,Mumbai,Karnataka,2026-10-31T00:00:00.000Z
382,John,Taylor,john382@gmail.com,9280031966,Bangalore,Delhi,2026-09-28T00:00:00.000Z
383,James,Anderson,james383@gmail.com,9199548063,Delhi,Maharashtra,2026-02-17T00:00:00.000Z
384,Alice,Wilson,alice384@gmail.com,9771341479,Pune,Delhi,2026-03-22T00:00:00.000Z
385,Emma,Wilson,emma385@gmail.com,9377185282,Delhi,Tamil Nadu,2026-12-13T00:00:00.000Z
386,Olivia,Brown,olivia386@gmail.com,9119286923,Delhi,Telangana,2026-05-01T00:00:00.000Z
387,Sophia,Thomas,sophia387@gmail.com,9140918834,Bangalore,Karnataka,2026-09-14T00:00:00.000Z
388,Mia,Smith,mia388@gmail.com,9935879190,Hyderabad,Maharashtra,2026-08-14T00:00:00.000Z
389,Sophia,Johnson,sophia389@gmail.com,9981702677,Bangalore,Tamil Nadu,2026-09-10T00:00:00.000Z
390,David,Taylor,david390@gmail.com,9940149735,Bangalore,Delhi,2026-03-03T00:00:00.000Z
391,James,Wilson,james391@gmail.com,9782236661,Pune,Telangana,2026-08-12T00:00:00.000Z
392,James,Jackson,james392@gmail.com,9464325576,Hyderabad,Maharashtra,2026-02-01T00:00:00.000Z
393,Robert,Anderson,robert393@gmail.com,9202726566,Pune,Tamil Nadu,2026-12-29T00:00:00.000Z
394,Emma,Taylor,emma394@gmail.com,9705197389,Bangalore,Telangana,2026-03-21T00:00:00.000Z
395,Michael,Johnson,michael395@gmail.com,9760039671,Pune,Telangana,2026-04-02T00:00:00.000Z
396,Sophia,Johnson,sophia396@gmail.com,9402261794,Hyderabad,Telangana,2026-08-03T00:00:00.000Z
397,David,Johnson,david397@gmail.com,9431491533,Chennai,Tamil Nadu,2026-05-01T00:00:00.000Z
398,Robert,Brown,robert398@gmail.com,9846773054,Mumbai,Maharashtra,2026-12-19T00:00:00.000Z
399,John,Smith,john399@gmail.com,9795284182,Chennai,Delhi,2026-08-11T00:00:00.000Z
400,Michael,Jackson,michael400@gmail.com,9901743497,Hyderabad,Tamil Nadu,2026-09-29T00:00:00.000Z
401,Olivia,Thomas,olivia401@gmail.com,9505275887,Bangalore,Telangana,2026-05-29T00:00:00.000Z
402,John,Johnson,john402@gmail.com,9564710401,Mumbai,Delhi,2026-10-07T00:00:00.000Z
403,Mia,Anderson,mia403@gmail.com,9928277540,Hyderabad,Delhi,2026-03-21T00:00:00.000Z
404,Emma,Johnson,emma404@gmail.com,9312154837,Delhi,Delhi,2026-01-15T00:00:00.000Z
405,Emma,Thomas,emma405@gmail.com,9160552847,Mumbai,Telangana,2026-03-14T00:00:00.000Z
406,Robert,Johnson,robert406@gmail.com,9929667490,Pune,Tamil Nadu,2026-12-28T00:00:00.000Z
407,Emma,Wilson,emma407@gmail.com,9223576135,Mumbai,Karnataka,2026-02-25T00:00:00.000Z
408,Sophia,Brown,sophia408@gmail.com,9893253541,Mumbai,Delhi,2026-09-10T00:00:00.000Z
409,Robert,Smith,robert409@gmail.com,9390943443,Bangalore,Telangana,2026-03-23T00:00:00.000Z
410,Alice,Smith,alice410@gmail.com,9357473742,Chennai,Delhi,2026-03-21T00:00:00.000Z
411,Emma,Brown,emma411@gmail.com,9184462589,Delhi,Maharashtra,2026-11-02T00:00:00.000Z
412,Mia,Anderson,mia412@gmail.com,9917774863,Mumbai,Maharashtra,2026-09-02T00:00:00.000Z
413,Olivia,Wilson,olivia413@gmail.com,9117789188,Hyderabad,Tamil Nadu,2026-10-29T00:00:00.000Z
414,David,Wilson,david414@gmail.com,9113768274,Pune,Karnataka,2026-10-24T00:00:00.000Z
415,Olivia,Jackson,olivia415@gmail.com,9206617234,Pune,Karnataka,2026-02-12T00:00:00.000Z
416,Mia,Brown,mia416@gmail.com,9291040202,Delhi,Telangana,2026-12-06T00:00:00.000Z
417,Emma,Jackson,emma417@gmail.com,9196465818,Hyderabad,Delhi,2026-04-11T00:00:00.000Z
418,Michael,Brown,michael418@gmail.com,9644879158,Bangalore,Karnataka,2026-03-27T00:00:00.000Z
419,Olivia,Jackson,olivia419@gmail.com,9689055613,Delhi,Tamil Nadu,2026-09-17T00:00:00.000Z
420,Emma,Wilson,emma420@gmail.com,9787880167,Chennai,Tamil Nadu,2026-07-16T00:00:00.000Z
421,Alice,Brown,alice421@gmail.com,9597162203,Mumbai,Maharashtra,2026-09-15T00:00:00.000Z
422,Robert,Jackson,robert422@gmail.com,9611791896,Chennai,Tamil Nadu,2026-04-21T00:00:00.000Z
423,John,Smith,john423@gmail.com,9657124709,Bangalore,Delhi,2026-06-06T00:00:00.000Z
424,Sophia,Anderson,sophia424@gmail.com,9284623896,Delhi,Maharashtra,2026-09-02T00:00:00.000Z
425,Olivia,Jackson,olivia425@gmail.com,9176590046,Chennai,Maharashtra,2026-01-07T00:00:00.000Z
426,Emma,Wilson,emma426@gmail.com,9662351356,Delhi,Delhi,2026-01-06T00:00:00.000Z
427,Mia,Smith,mia427@gmail.com,9705604116,Delhi,Telangana,2026-09-11T00:00:00.000Z
428,Alice,Johnson,alice428@gmail.com,9955053143,Bangalore,Tamil Nadu,2026-06-19T00:00:00.000Z
429,Robert,Smith,robert429@gmail.com,9843491459,Chennai,Tamil Nadu,2026-02-10T00:00:00.000Z
430,Mia,Jackson,mia430@gmail.com,9998896932,Pune,Karnataka,2026-10-10T00:00:00.000Z
431,David,Smith,david431@gmail.com,9120392786,Hyderabad,Telangana,2026-10-25T00:00:00.000Z
432,Alice,Anderson,alice432@gmail.com,9198443797,Pune,Delhi,2026-09-23T00:00:00.000Z
433,Michael,Anderson,michael433@gmail.com,9687145810,Hyderabad,Tamil Nadu,2026-11-13T00:00:00.000Z
434,Alice,Jackson,alice434@gmail.com,9280734755,Bangalore,Tamil Nadu,2026-09-13T00:00:00.000Z
435,John,Jackson,john435@gmail.com,9258865459,Delhi,Maharashtra,2026-02-27T00:00:00.000Z
436,Olivia,Jackson,olivia436@gmail.com,9746590838,Chennai,Telangana,2026-07-29T00:00:00.000Z
437,Mia,Johnson,mia437@gmail.com,9116427964,Chennai,Maharashtra,2026-05-08T00:00:00.000Z
438,Sophia,Johnson,sophia438@gmail.com,9576423704,Pune,Karnataka,2026-10-25T00:00:00.000Z
439,Mia,Thomas,mia439@gmail.com,9337763169,Bangalore,Telangana,2026-09-13T00:00:00.000Z
440,Sophia,Taylor,sophia440@gmail.com,9888692453,Mumbai,Telangana,2026-09-16T00:00:00.000Z
441,James,Wilson,james441@gmail.com,9288208943,Delhi,Telangana,2026-01-02T00:00:00.000Z
442,David,Wilson,david442@gmail.com,9424456155,Chennai,Karnataka,2026-07-02T00:00:00.000Z
443,Alice,Wilson,alice443@gmail.com,9131899500,Delhi,Maharashtra,2026-12-29T00:00:00.000Z
444,Olivia,Smith,olivia444@gmail.com,9330390416,Delhi,Tamil Nadu,2026-10-25T00:00:00.000Z
445,Sophia,Wilson,sophia445@gmail.com,9846259873,Chennai,Delhi,2026-05-14T00:00:00.000Z
446,John,Thomas,john446@gmail.com,9768178357,Hyderabad,Delhi,2026-10-31T00:00:00.000Z
447,David,Smith,david447@gmail.com,9252518509,Delhi,Tamil Nadu,2026-10-22T00:00:00.000Z
448,Robert,Johnson,robert448@gmail.com,9481749926,Chennai,Tamil Nadu,2026-06-06T00:00:00.000Z
449,James,Anderson,james449@gmail.com,9990884887,Pune,Delhi,2026-05-15T00:00:00.000Z
450,Sophia,Brown,sophia450@gmail.com,9106193802,Chennai,Karnataka,2026-10-04T00:00:00.000Z
451,James,Brown,james451@gmail.com,9603213202,Bangalore,Tamil Nadu,2026-12-22T00:00:00.000Z
452,Sophia,Wilson,sophia452@gmail.com,9319200126,Bangalore,Tamil Nadu,2026-01-26T00:00:00.000Z
453,Mia,Wilson,mia453@gmail.com,9872492910,Hyderabad,Tamil Nadu,2026-03-26T00:00:00.000Z
454,Olivia,Wilson,olivia454@gmail.com,9211747982,Hyderabad,Karnataka,2026-12-17T00:00:00.000Z
455,Emma,Taylor,emma455@gmail.com,9302593539,Delhi,Delhi,2026-01-03T00:00:00.000Z
456,Emma,Smith,emma456@gmail.com,9825212507,Bangalore,Tamil Nadu,2026-12-06T00:00:00.000Z
457,Alice,Thomas,alice457@gmail.com,9167685430,Mumbai,Tamil Nadu,2026-07-08T00:00:00.000Z
458,Michael,Wilson,michael458@gmail.com,9897753456,Mumbai,Delhi,2026-05-23T00:00:00.000Z
459,Sophia,Taylor,sophia459@gmail.com,9154439167,Hyderabad,Tamil Nadu,2026-07-21T00:00:00.000Z
460,Sophia,Anderson,sophia460@gmail.com,9851315375,Delhi,Tamil Nadu,2026-12-29T00:00:00.000Z
461,Olivia,Wilson,olivia461@gmail.com,9273763628,Delhi,Delhi,2026-06-28T00:00:00.000Z
462,Emma,Brown,emma462@gmail.com,9693344908,Delhi,Maharashtra,2026-08-02T00:00:00.000Z
463,John,Wilson,john463@gmail.com,9922354398,Chennai,Delhi,2026-01-05T00:00:00.000Z
464,Robert,Thomas,robert464@gmail.com,9320249424,Chennai,Karnataka,2026-06-05T00:00:00.000Z
465,Alice,Jackson,alice465@gmail.com,9815044968,Mumbai,Karnataka,2026-03-12T00:00:00.000Z
466,Michael,Johnson,michael466@gmail.com,9617091665,Hyderabad,Delhi,2026-02-04T00:00:00.000Z
467,Sophia,Smith,sophia467@gmail.com,9132060592,Delhi,Karnataka,2026-11-08T00:00:00.000Z
468,Emma,Wilson,emma468@gmail.com,9163360071,Delhi,Maharashtra,2026-05-18T00:00:00.000Z
469,Alice,Johnson,alice469@gmail.com,9821960979,Mumbai,Maharashtra,2026-12-13T00:00:00.000Z
470,Sophia,Anderson,sophia470@gmail.com,9530616440,Hyderabad,Telangana,2026-08-05T00:00:00.000Z
471,Olivia,Brown,olivia471@gmail.com,9751489050,Hyderabad,Delhi,2026-08-13T00:00:00.000Z
472,Emma,Wilson,emma472@gmail.com,9562906166,Chennai,Tamil Nadu,2026-08-01T00:00:00.000Z
473,James,Anderson,james473@gmail.com,9425719931,Bangalore,Delhi,2026-10-20T00:00:00.000Z
474,James,Johnson,james474@gmail.com,9564132870,Bangalore,Karnataka,2026-01-05T00:00:00.000Z
475,David,Wilson,david475@gmail.com,9803027547,Bangalore,Telangana,2026-08-18T00:00:00.000Z
476,Olivia,Thomas,olivia476@gmail.com,9514109467,Chennai,Telangana,2026-02-08T00:00:00.000Z
477,Mia,Thomas,mia477@gmail.com,9673642105,Chennai,Telangana,2026-04-21T00:00:00.000Z
478,Robert,Wilson,robert478@gmail.com,9518556012,Hyderabad,Telangana,2026-09-11T00:00:00.000Z
479,David,Taylor,david479@gmail.com,9682484611,Hyderabad,Delhi,2026-04-24T00:00:00.000Z
480,Sophia,Wilson,sophia480@gmail.com,9965565577,Chennai,Tamil Nadu,2026-06-15T00:00:00.000Z
481,Sophia,Jackson,sophia481@gmail.com,9650467992,Delhi,Tamil Nadu,2026-07-21T00:00:00.000Z
482,John,Smith,john482@gmail.com,9335562682,Chennai,Telangana,2026-05-12T00:00:00.000Z
483,John,Taylor,john483@gmail.com,9331707633,Bangalore,Telangana,2026-03-25T00:00:00.000Z
484,James,Wilson,james484@gmail.com,9909389530,Bangalore,Karnataka,2026-04-05T00:00:00.000Z
485,Sophia,Anderson,sophia485@gmail.com,9720667531,Hyderabad,Tamil Nadu,2026-03-21T00:00:00.000Z
486,John,Thomas,john486@gmail.com,9197146850,Bangalore,Tamil Nadu,2026-07-18T00:00:00.000Z
487,Mia,Smith,mia487@gmail.com,9300737337,Bangalore,Telangana,2026-03-18T00:00:00.000Z
488,James,Jackson,james488@gmail.com,9574796874,Pune,Delhi,2026-12-19T00:00:00.000Z
489,James,Brown,james489@gmail.com,9610016010,Bangalore,Tamil Nadu,2026-12-04T00:00:00.000Z
490,Sophia,Anderson,sophia490@gmail.com,9142274313,Mumbai,Telangana,2026-09-19T00:00:00.000Z
491,James,Wilson,james491@gmail.com,9165540308,Chennai,Delhi,2026-09-29T00:00:00.000Z
492,Olivia,Jackson,olivia492@gmail.com,9138311223,Chennai,Maharashtra,2026-08-15T00:00:00.000Z
493,Michael,Brown,michael493@gmail.com,9474863065,Chennai,Delhi,2026-07-01T00:00:00.000Z
494,Sophia,Johnson,sophia494@gmail.com,9642680678,Chennai,Maharashtra,2026-04-20T00:00:00.000Z
495,Michael,Wilson,michael495@gmail.com,9300124094,Mumbai,Telangana,2026-12-28T00:00:00.000Z
496,Mia,Jackson,mia496@gmail.com,9415954025,Bangalore,Maharashtra,2026-08-03T00:00:00.000Z
497,David,Smith,david497@gmail.com,9883215004,Pune,Tamil Nadu,2026-06-28T00:00:00.000Z
498,David,Anderson,david498@gmail.com,9271719503,Mumbai,Telangana,2026-04-03T00:00:00.000Z
499,Robert,Thomas,robert499@gmail.com,9858231171,Hyderabad,Karnataka,2026-01-24T00:00:00.000Z
500,James,Anderson,james500@gmail.com,9860284643,Chennai,Tamil Nadu,2026-12-13T00:00:00.000Z
501,David,Wilson,david501@gmail.com,9306628332,Delhi,Telangana,2026-05-14T00:00:00.000Z
502,David,Smith,david502@gmail.com,9499319369,Bangalore,Maharashtra,2026-08-11T00:00:00.000Z
503,Olivia,Taylor,olivia503@gmail.com,9589387710,Mumbai,Delhi,2026-03-02T00:00:00.000Z
504,Sophia,Smith,sophia504@gmail.com,9504929547,Mumbai,Tamil Nadu,2026-06-29T00:00:00.000Z
505,John,Wilson,john505@gmail.com,9645873022,Hyderabad,Tamil Nadu,2026-06-08T00:00:00.000Z
506,John,Taylor,john506@gmail.com,9276165223,Hyderabad,Maharashtra,2026-03-01T00:00:00.000Z
507,Olivia,Jackson,olivia507@gmail.com,9106367978,Hyderabad,Telangana,2026-07-27T00:00:00.000Z
508,John,Anderson,john508@gmail.com,9159784111,Hyderabad,Telangana,2026-05-22T00:00:00.000Z
509,Sophia,Smith,sophia509@gmail.com,9522329030,Bangalore,Delhi,2026-09-05T00:00:00.000Z
510,Emma,Thomas,emma510@gmail.com,9996862054,Chennai,Telangana,2026-10-07T00:00:00.000Z
511,James,Taylor,james511@gmail.com,9327057521,Bangalore,Telangana,2026-11-27T00:00:00.000Z
512,Alice,Johnson,alice512@gmail.com,9510463633,Delhi,Tamil Nadu,2026-10-30T00:00:00.000Z
513,Alice,Johnson,alice513@gmail.com,9927089679,Hyderabad,Karnataka,2026-02-18T00:00:00.000Z
514,Alice,Smith,alice514@gmail.com,9568989246,Chennai,Karnataka,2026-03-25T00:00:00.000Z
515,David,Jackson,david515@gmail.com,9616628136,Chennai,Maharashtra,2026-02-26T00:00:00.000Z
516,James,Brown,james516@gmail.com,9275920462,Mumbai,Karnataka,2026-03-01T00:00:00.000Z
517,Mia,Taylor,mia517@gmail.com,9280328331,Delhi,Delhi,2026-01-23T00:00:00.000Z
518,Michael,Thomas,michael518@gmail.com,9144736200,Mumbai,Telangana,2026-06-08T00:00:00.000Z
519,Mia,Anderson,mia519@gmail.com,9897464036,Delhi,Tamil Nadu,2026-09-06T00:00:00.000Z
520,James,Anderson,james520@gmail.com,9450883739,Mumbai,Karnataka,2026-09-20T00:00:00.000Z
521,John,Thomas,john521@gmail.com,9825177300,Delhi,Telangana,2026-03-21T00:00:00.000Z
522,David,Jackson,david522@gmail.com,9144783421,Mumbai,Tamil Nadu,2026-12-03T00:00:00.000Z
523,Mia,Johnson,mia523@gmail.com,9747806046,Hyderabad,Maharashtra,2026-05-28T00:00:00.000Z
524,Michael,Anderson,michael524@gmail.com,9801609557,Chennai,Telangana,2026-01-26T00:00:00.000Z
525,James,Wilson,james525@gmail.com,9701197432,Hyderabad,Maharashtra,2026-07-31T00:00:00.000Z
526,Alice,Johnson,alice526@gmail.com,9878680837,Delhi,Tamil Nadu,2026-08-18T00:00:00.000Z
527,Michael,Taylor,michael527@gmail.com,9688190796,Mumbai,Karnataka,2026-02-02T00:00:00.000Z
528,David,Thomas,david528@gmail.com,9783108950,Delhi,Telangana,2026-01-07T00:00:00.000Z
529,Olivia,Anderson,olivia529@gmail.com,9160263916,Hyderabad,Karnataka,2026-07-06T00:00:00.000Z
530,James,Taylor,james530@gmail.com,9221833274,Mumbai,Tamil Nadu,2026-04-13T00:00:00.000Z
531,David,Smith,david531@gmail.com,9706207238,Delhi,Delhi,2026-06-23T00:00:00.000Z
532,David,Johnson,david532@gmail.com,9466795075,Hyderabad,Delhi,2026-05-29T00:00:00.000Z
533,Michael,Wilson,michael533@gmail.com,9551785560,Bangalore,Delhi,2026-09-22T00:00:00.000Z
534,Michael,Johnson,michael534@gmail.com,9179198085,Hyderabad,Maharashtra,2026-10-03T00:00:00.000Z
535,Emma,Brown,emma535@gmail.com,9828317766,Bangalore,Telangana,2026-04-29T00:00:00.000Z
536,David,Johnson,david536@gmail.com,9642023654,Hyderabad,Maharashtra,2026-01-06T00:00:00.000Z
537,Emma,Anderson,emma537@gmail.com,9368425714,Mumbai,Tamil Nadu,2026-03-24T00:00:00.000Z
538,Olivia,Johnson,olivia538@gmail.com,9883814809,Delhi,Karnataka,2026-03-20T00:00:00.000Z
539,David,Anderson,david539@gmail.com,9886897608,Pune,Telangana,2026-02-01T00:00:00.000Z
540,Emma,Taylor,emma540@gmail.com,9638430271,Pune,Telangana,2026-06-09T00:00:00.000Z
541,David,Wilson,david541@gmail.com,9174998960,Pune,Maharashtra,2026-12-31T00:00:00.000Z
542,John,Wilson,john542@gmail.com,9211713558,Pune,Maharashtra,2026-12-02T00:00:00.000Z
543,James,Taylor,james543@gmail.com,9824284620,Chennai,Karnataka,2026-12-10T00:00:00.000Z
544,Sophia,Brown,sophia544@gmail.com,9433710690,Pune,Delhi,2026-09-03T00:00:00.000Z
545,James,Smith,james545@gmail.com,9424051624,Delhi,Telangana,2026-05-13T00:00:00.000Z
546,Alice,Thomas,alice546@gmail.com,9405487090,Bangalore,Karnataka,2026-03-31T00:00:00.000Z
547,John,Wilson,john547@gmail.com,9959272901,Chennai,Delhi,2026-07-18T00:00:00.000Z
548,John,Anderson,john548@gmail.com,9647228713,Bangalore,Delhi,2026-08-30T00:00:00.000Z
549,Emma,Smith,emma549@gmail.com,9443577784,Chennai,Tamil Nadu,2026-02-22T00:00:00.000Z
550,John,Johnson,john550@gmail.com,9571913647,Mumbai,Tamil Nadu,2026-03-15T00:00:00.000Z
551,Mia,Johnson,mia551@gmail.com,9259858741,Mumbai,Karnataka,2026-11-04T00:00:00.000Z
552,Michael,Thomas,michael552@gmail.com,9543459823,Delhi,Tamil Nadu,2026-06-07T00:00:00.000Z
553,Mia,Smith,mia553@gmail.com,9305494489,Chennai,Karnataka,2026-07-07T00:00:00.000Z
554,David,Anderson,david554@gmail.com,9311281541,Delhi,Karnataka,2026-06-14T00:00:00.000Z
555,Emma,Anderson,emma555@gmail.com,9512213477,Pune,Tamil Nadu,2026-04-08T00:00:00.000Z
556,David,Taylor,david556@gmail.com,9660230699,Chennai,Tamil Nadu,2026-02-18T00:00:00.000Z
557,Alice,Smith,alice557@gmail.com,9338235386,Chennai,Maharashtra,2026-08-26T00:00:00.000Z
558,Michael,Johnson,michael558@gmail.com,9674223464,Mumbai,Maharashtra,2026-07-24T00:00:00.000Z
559,Emma,Thomas,emma559@gmail.com,9703010117,Bangalore,Delhi,2026-11-05T00:00:00.000Z
560,Emma,Smith,emma560@gmail.com,9338536937,Hyderabad,Delhi,2026-09-15T00:00:00.000Z
561,Michael,Jackson,michael561@gmail.com,9788285883,Chennai,Karnataka,2026-05-14T00:00:00.000Z
562,James,Brown,james562@gmail.com,9726238054,Delhi,Maharashtra,2026-12-11T00:00:00.000Z
563,Mia,Anderson,mia563@gmail.com,9285032006,Mumbai,Maharashtra,2026-04-01T00:00:00.000Z
564,Sophia,Wilson,sophia564@gmail.com,9987059303,Delhi,Maharashtra,2026-05-10T00:00:00.000Z
565,Emma,Anderson,emma565@gmail.com,9331530871,Bangalore,Delhi,2026-05-26T00:00:00.000Z
566,Michael,Johnson,michael566@gmail.com,9532603181,Bangalore,Karnataka,2026-01-06T00:00:00.000Z
567,David,Brown,david567@gmail.com,9206346950,Pune,Telangana,2026-10-31T00:00:00.000Z
568,Mia,Smith,mia568@gmail.com,9563577254,Pune,Karnataka,2026-09-06T00:00:00.000Z
569,Olivia,Wilson,olivia569@gmail.com,9568025881,Delhi,Delhi,2026-02-23T00:00:00.000Z
570,Emma,Anderson,emma570@gmail.com,9640375224,Bangalore,Telangana,2026-05-30T00:00:00.000Z
571,Mia,Wilson,mia571@gmail.com,9379829092,Bangalore,Delhi,2026-05-30T00:00:00.000Z
572,Mia,Jackson,mia572@gmail.com,9457081009,Delhi,Karnataka,2026-07-18T00:00:00.000Z
573,James,Brown,james573@gmail.com,9737923228,Chennai,Maharashtra,2026-02-03T00:00:00.000Z
574,James,Smith,james574@gmail.com,9897080679,Hyderabad,Telangana,2026-07-30T00:00:00.000Z
575,Robert,Wilson,robert575@gmail.com,9960810743,Pune,Tamil Nadu,2026-08-12T00:00:00.000Z
576,Emma,Thomas,emma576@gmail.com,9335572232,Mumbai,Tamil Nadu,2026-11-05T00:00:00.000Z
577,Robert,Smith,robert577@gmail.com,9763850084,Pune,Delhi,2026-02-15T00:00:00.000Z
578,Olivia,Thomas,olivia578@gmail.com,9935942811,Chennai,Telangana,2026-07-05T00:00:00.000Z
579,Sophia,Thomas,sophia579@gmail.com,9718888019,Delhi,Maharashtra,2026-08-11T00:00:00.000Z
580,James,Thomas,james580@gmail.com,9253811845,Delhi,Karnataka,2026-07-12T00:00:00.000Z
581,Robert,Smith,robert581@gmail.com,9984723895,Mumbai,Delhi,2026-01-21T00:00:00.000Z
582,James,Wilson,james582@gmail.com,9642813794,Hyderabad,Maharashtra,2026-02-13T00:00:00.000Z
583,Alice,Anderson,alice583@gmail.com,9363211488,Delhi,Maharashtra,2026-04-11T00:00:00.000Z
584,Emma,Thomas,emma584@gmail.com,9926313845,Pune,Tamil Nadu,2026-06-15T00:00:00.000Z
585,Sophia,Jackson,sophia585@gmail.com,9300465770,Hyderabad,Karnataka,2026-09-20T00:00:00.000Z
586,Michael,Anderson,michael586@gmail.com,9464909765,Chennai,Maharashtra,2026-04-26T00:00:00.000Z
587,Robert,Anderson,robert587@gmail.com,9453975685,Pune,Karnataka,2026-08-19T00:00:00.000Z
588,Robert,Johnson,robert588@gmail.com,9116748114,Mumbai,Karnataka,2026-08-10T00:00:00.000Z
589,Alice,Jackson,alice589@gmail.com,9438214675,Delhi,Maharashtra,2026-01-05T00:00:00.000Z
590,Robert,Taylor,robert590@gmail.com,9814418471,Hyderabad,Karnataka,2026-02-08T00:00:00.000Z
591,Alice,Smith,alice591@gmail.com,9866930508,Hyderabad,Delhi,2026-09-18T00:00:00.000Z
592,James,Taylor,james592@gmail.com,9112392808,Delhi,Telangana,2026-12-10T00:00:00.000Z
593,Alice,Jackson,alice593@gmail.com,9868186752,Bangalore,Telangana,2026-05-01T00:00:00.000Z
594,Sophia,Brown,sophia594@gmail.com,9506179935,Bangalore,Tamil Nadu,2026-01-16T00:00:00.000Z
595,John,Brown,john595@gmail.com,9669520184,Delhi,Karnataka,2026-02-02T00:00:00.000Z
596,Alice,Wilson,alice596@gmail.com,9112241315,Chennai,Tamil Nadu,2026-07-10T00:00:00.000Z
597,Michael,Anderson,michael597@gmail.com,9446170211,Chennai,Delhi,2026-08-02T00:00:00.000Z
598,Robert,Wilson,robert598@gmail.com,9863718619,Delhi,Tamil Nadu,2026-01-16T00:00:00.000Z
599,Sophia,Jackson,sophia599@gmail.com,9427844688,Delhi,Telangana,2026-11-03T00:00:00.000Z
600,Sophia,Wilson,sophia600@gmail.com,9628840783,Chennai,Karnataka,2026-01-11T00:00:00.000Z
601,Olivia,Jackson,olivia601@gmail.com,9946691978,Pune,Karnataka,2026-10-24T00:00:00.000Z
602,David,Smith,david602@gmail.com,9386435022,Delhi,Delhi,2026-01-20T00:00:00.000Z
603,John,Thomas,john603@gmail.com,9356502268,Pune,Karnataka,2026-03-07T00:00:00.000Z
604,Sophia,Thomas,sophia604@gmail.com,9171203512,Chennai,Telangana,2026-06-01T00:00:00.000Z
605,James,Taylor,james605@gmail.com,9249978854,Hyderabad,Maharashtra,2026-08-23T00:00:00.000Z
606,Alice,Thomas,alice606@gmail.com,9231426905,Hyderabad,Telangana,2026-06-08T00:00:00.000Z
607,Robert,Brown,robert607@gmail.com,9571403238,Chennai,Karnataka,2026-07-04T00:00:00.000Z
608,John,Wilson,john608@gmail.com,9409919496,Chennai,Maharashtra,2026-11-20T00:00:00.000Z
609,Alice,Johnson,alice609@gmail.com,9786850958,Delhi,Tamil Nadu,2026-11-23T00:00:00.000Z
610,Alice,Anderson,alice610@gmail.com,9928736773,Hyderabad,Tamil Nadu,2026-12-16T00:00:00.000Z
611,Alice,Johnson,alice611@gmail.com,9734026963,Mumbai,Tamil Nadu,2026-01-16T00:00:00.000Z
612,Michael,Anderson,michael612@gmail.com,9503272745,Delhi,Telangana,2026-03-05T00:00:00.000Z
613,Sophia,Taylor,sophia613@gmail.com,9550187005,Pune,Karnataka,2026-01-12T00:00:00.000Z
614,Alice,Smith,alice614@gmail.com,9920749941,Pune,Maharashtra,2026-01-23T00:00:00.000Z
615,John,Brown,john615@gmail.com,9353256031,Bangalore,Maharashtra,2026-02-11T00:00:00.000Z
616,David,Wilson,david616@gmail.com,9660228013,Delhi,Karnataka,2026-08-07T00:00:00.000Z
617,John,Jackson,john617@gmail.com,9453657858,Chennai,Karnataka,2026-04-22T00:00:00.000Z
618,Olivia,Brown,olivia618@gmail.com,9848031715,Bangalore,Tamil Nadu,2026-04-09T00:00:00.000Z
619,Olivia,Johnson,olivia619@gmail.com,9210793054,Chennai,Tamil Nadu,2026-11-26T00:00:00.000Z
620,Sophia,Jackson,sophia620@gmail.com,9294666898,Mumbai,Karnataka,2026-10-09T00:00:00.000Z
621,Olivia,Jackson,olivia621@gmail.com,9139363024,Hyderabad,Maharashtra,2026-07-18T00:00:00.000Z
622,Sophia,Taylor,sophia622@gmail.com,9786986633,Hyderabad,Maharashtra,2026-01-11T00:00:00.000Z
623,Alice,Taylor,alice623@gmail.com,9269945603,Pune,Delhi,2026-03-15T00:00:00.000Z
624,John,Wilson,john624@gmail.com,9282759324,Chennai,Karnataka,2026-05-28T00:00:00.000Z
625,Sophia,Smith,sophia625@gmail.com,9183419342,Chennai,Karnataka,2026-10-06T00:00:00.000Z
626,John,Thomas,john626@gmail.com,9424544516,Pune,Telangana,2026-04-11T00:00:00.000Z
627,Alice,Brown,alice627@gmail.com,9224796919,Bangalore,Delhi,2026-08-03T00:00:00.000Z
628,Robert,Taylor,robert628@gmail.com,9347877407,Delhi,Telangana,2026-07-16T00:00:00.000Z
629,Emma,Brown,emma629@gmail.com,9467038292,Delhi,Delhi,2026-09-23T00:00:00.000Z
630,Alice,Jackson,alice630@gmail.com,9804435614,Hyderabad,Maharashtra,2026-08-12T00:00:00.000Z
631,Olivia,Thomas,olivia631@gmail.com,9379755405,Delhi,Delhi,2026-07-08T00:00:00.000Z
632,David,Smith,david632@gmail.com,9623966006,Hyderabad,Karnataka,2026-01-21T00:00:00.000Z
633,Michael,Smith,michael633@gmail.com,9292330406,Bangalore,Telangana,2026-09-30T00:00:00.000Z
634,Michael,Brown,michael634@gmail.com,9975721320,Chennai,Tamil Nadu,2026-03-31T00:00:00.000Z
635,Emma,Thomas,emma635@gmail.com,9748620133,Delhi,Karnataka,2026-12-26T00:00:00.000Z
636,Emma,Jackson,emma636@gmail.com,9880471680,Mumbai,Delhi,2026-04-13T00:00:00.000Z
637,Mia,Jackson,mia637@gmail.com,9990692069,Delhi,Maharashtra,2026-08-14T00:00:00.000Z
638,John,Taylor,john638@gmail.com,9643064304,Delhi,Maharashtra,2026-08-13T00:00:00.000Z
639,James,Wilson,james639@gmail.com,9803915297,Hyderabad,Delhi,2026-06-05T00:00:00.000Z
640,James,Johnson,james640@gmail.com,9547964818,Pune,Telangana,2026-03-27T00:00:00.000Z
641,Sophia,Jackson,sophia641@gmail.com,9187463911,Pune,Telangana,2026-02-18T00:00:00.000Z
642,Mia,Smith,mia642@gmail.com,9250281498,Delhi,Tamil Nadu,2026-10-28T00:00:00.000Z
643,Michael,Anderson,michael643@gmail.com,9251325558,Delhi,Delhi,2026-10-18T00:00:00.000Z
644,Mia,Brown,mia644@gmail.com,9762971162,Pune,Delhi,2026-01-02T00:00:00.000Z
645,Emma,Brown,emma645@gmail.com,9783401744,Hyderabad,Telangana,2026-07-04T00:00:00.000Z
646,Emma,Thomas,emma646@gmail.com,9331921953,Pune,Maharashtra,2026-06-13T00:00:00.000Z
647,Robert,Wilson,robert647@gmail.com,9771291291,Delhi,Tamil Nadu,2026-10-15T00:00:00.000Z
648,Mia,Taylor,mia648@gmail.com,9492039680,Mumbai,Telangana,2026-03-30T00:00:00.000Z
649,Robert,Thomas,robert649@gmail.com,9218604485,Delhi,Delhi,2026-02-27T00:00:00.000Z
650,Olivia,Smith,olivia650@gmail.com,9246406388,Chennai,Delhi,2026-08-29T00:00:00.000Z
651,Robert,Brown,robert651@gmail.com,9645154902,Bangalore,Telangana,2026-08-01T00:00:00.000Z
652,James,Anderson,james652@gmail.com,9422905321,Pune,Tamil Nadu,2026-09-16T00:00:00.000Z
653,Robert,Smith,robert653@gmail.com,9423467956,Bangalore,Telangana,2026-09-29T00:00:00.000Z
654,Alice,Smith,alice654@gmail.com,9768271366,Chennai,Maharashtra,2026-08-30T00:00:00.000Z
655,Mia,Wilson,mia655@gmail.com,9905682592,Mumbai,Tamil Nadu,2026-06-25T00:00:00.000Z
656,James,Taylor,james656@gmail.com,9622579199,Delhi,Maharashtra,2026-07-22T00:00:00.000Z
657,Emma,Wilson,emma657@gmail.com,9543290983,Chennai,Karnataka,2026-07-30T00:00:00.000Z
658,John,Jackson,john658@gmail.com,9644205491,Hyderabad,Maharashtra,2026-03-03T00:00:00.000Z
659,Michael,Wilson,michael659@gmail.com,9204763525,Chennai,Delhi,2026-09-07T00:00:00.000Z
660,Robert,Taylor,robert660@gmail.com,9808657294,Mumbai,Tamil Nadu,2026-06-07T00:00:00.000Z
661,Sophia,Wilson,sophia661@gmail.com,9549971811,Chennai,Telangana,2026-10-04T00:00:00.000Z
662,Alice,Taylor,alice662@gmail.com,9256001748,Delhi,Maharashtra,2026-11-20T00:00:00.000Z
663,Michael,Smith,michael663@gmail.com,9761542033,Hyderabad,Delhi,2026-07-23T00:00:00.000Z
664,Sophia,Thomas,sophia664@gmail.com,9206193891,Mumbai,Tamil Nadu,2026-05-26T00:00:00.000Z
665,Mia,Thomas,mia665@gmail.com,9542635000,Pune,Telangana,2026-05-27T00:00:00.000Z
666,Olivia,Johnson,olivia666@gmail.com,9491674951,Bangalore,Delhi,2026-12-14T00:00:00.000Z
667,Robert,Wilson,robert667@gmail.com,9420763069,Pune,Tamil Nadu,2026-08-07T00:00:00.000Z
668,John,Thomas,john668@gmail.com,9102066545,Pune,Karnataka,2026-12-25T00:00:00.000Z
669,James,Brown,james669@gmail.com,9129851527,Mumbai,Karnataka,2026-08-16T00:00:00.000Z
670,Alice,Thomas,alice670@gmail.com,9976309711,Hyderabad,Maharashtra,2026-11-05T00:00:00.000Z
671,Sophia,Wilson,sophia671@gmail.com,9219500421,Chennai,Delhi,2026-09-20T00:00:00.000Z
672,John,Taylor,john672@gmail.com,9241089038,Bangalore,Telangana,2026-12-12T00:00:00.000Z
673,Sophia,Taylor,sophia673@gmail.com,9897966466,Hyderabad,Telangana,2026-09-08T00:00:00.000Z
674,Robert,Brown,robert674@gmail.com,9488798056,Bangalore,Delhi,2026-01-26T00:00:00.000Z
675,Michael,Jackson,michael675@gmail.com,9528715630,Delhi,Maharashtra,2026-10-01T00:00:00.000Z
676,Robert,Anderson,robert676@gmail.com,9100957181,Mumbai,Delhi,2026-07-29T00:00:00.000Z
677,Robert,Jackson,robert677@gmail.com,9992336287,Hyderabad,Tamil Nadu,2026-06-27T00:00:00.000Z
678,Sophia,Brown,sophia678@gmail.com,9821446119,Chennai,Telangana,2026-12-26T00:00:00.000Z
679,Mia,Jackson,mia679@gmail.com,9939575821,Hyderabad,Telangana,2026-12-10T00:00:00.000Z
680,Emma,Taylor,emma680@gmail.com,9521114980,Hyderabad,Tamil Nadu,2026-05-11T00:00:00.000Z
681,Emma,Jackson,emma681@gmail.com,9419846008,Hyderabad,Maharashtra,2026-09-03T00:00:00.000Z
682,Emma,Smith,emma682@gmail.com,9899880439,Pune,Tamil Nadu,2026-12-25T00:00:00.000Z
683,Alice,Wilson,alice683@gmail.com,9870134163,Bangalore,Telangana,2026-09-11T00:00:00.000Z
684,Robert,Taylor,robert684@gmail.com,9731042713,Mumbai,Karnataka,2026-12-26T00:00:00.000Z
685,Robert,Smith,robert685@gmail.com,9404441650,Hyderabad,Telangana,2026-02-15T00:00:00.000Z
686,Sophia,Johnson,sophia686@gmail.com,9167475239,Pune,Delhi,2026-12-06T00:00:00.000Z
687,Michael,Jackson,michael687@gmail.com,9546130695,Chennai,Tamil Nadu,2026-03-12T00:00:00.000Z
688,Mia,Jackson,mia688@gmail.com,9850449678,Chennai,Maharashtra,2026-11-25T00:00:00.000Z
689,Emma,Wilson,emma689@gmail.com,9817832971,Hyderabad,Telangana,2026-09-24T00:00:00.000Z
690,Alice,Johnson,alice690@gmail.com,9264630931,Hyderabad,Maharashtra,2026-05-16T00:00:00.000Z
691,Michael,Wilson,michael691@gmail.com,9674853313,Chennai,Telangana,2026-01-29T00:00:00.000Z
692,Mia,Thomas,mia692@gmail.com,9555564788,Hyderabad,Maharashtra,2026-06-07T00:00:00.000Z
693,Emma,Taylor,emma693@gmail.com,9914796299,Pune,Karnataka,2026-02-27T00:00:00.000Z
694,Robert,Johnson,robert694@gmail.com,9172263965,Pune,Telangana,2026-09-05T00:00:00.000Z
695,David,Thomas,david695@gmail.com,9417420051,Hyderabad,Delhi,2026-03-06T00:00:00.000Z
696,Michael,Taylor,michael696@gmail.com,9895823630,Delhi,Maharashtra,2026-08-14T00:00:00.000Z
697,Alice,Anderson,alice697@gmail.com,9512926188,Hyderabad,Telangana,2026-07-15T00:00:00.000Z
698,John,Wilson,john698@gmail.com,9844817379,Hyderabad,Telangana,2026-02-16T00:00:00.000Z
699,David,Anderson,david699@gmail.com,9542395459,Pune,Delhi,2026-12-10T00:00:00.000Z
700,Robert,Wilson,robert700@gmail.com,9242223907,Delhi,Tamil Nadu,2026-01-11T00:00:00.000Z
701,Michael,Johnson,michael701@gmail.com,9815607664,Bangalore,Karnataka,2026-12-30T00:00:00.000Z
702,Mia,Jackson,mia702@gmail.com,9171487086,Delhi,Delhi,2026-12-12T00:00:00.000Z
703,Alice,Wilson,alice703@gmail.com,9968004453,Pune,Karnataka,2026-09-30T00:00:00.000Z
704,Robert,Johnson,robert704@gmail.com,9153450432,Mumbai,Telangana,2026-02-18T00:00:00.000Z
705,Michael,Wilson,michael705@gmail.com,9413200793,Chennai,Telangana,2026-01-04T00:00:00.000Z
706,John,Taylor,john706@gmail.com,9853964816,Pune,Karnataka,2026-04-15T00:00:00.000Z
707,Alice,Jackson,alice707@gmail.com,9911247119,Pune,Delhi,2026-07-20T00:00:00.000Z
708,James,Thomas,james708@gmail.com,9138574833,Chennai,Karnataka,2026-04-27T00:00:00.000Z
709,Alice,Johnson,alice709@gmail.com,9743142484,Hyderabad,Karnataka,2026-09-15T00:00:00.000Z
710,John,Anderson,john710@gmail.com,9905021765,Pune,Telangana,2026-02-05T00:00:00.000Z
711,Michael,Johnson,michael711@gmail.com,9246574719,Mumbai,Telangana,2026-02-22T00:00:00.000Z
712,David,Anderson,david712@gmail.com,9208395530,Pune,Telangana,2026-03-17T00:00:00.000Z
713,Mia,Jackson,mia713@gmail.com,9876068224,Hyderabad,Maharashtra,2026-08-30T00:00:00.000Z
714,David,Thomas,david714@gmail.com,9841615936,Bangalore,Maharashtra,2026-09-08T00:00:00.000Z
715,James,Brown,james715@gmail.com,9796947397,Delhi,Tamil Nadu,2026-06-25T00:00:00.000Z
716,Michael,Johnson,michael716@gmail.com,9154162388,Mumbai,Karnataka,2026-06-04T00:00:00.000Z
717,Alice,Johnson,alice717@gmail.com,9771024383,Delhi,Maharashtra,2026-08-20T00:00:00.000Z
718,David,Johnson,david718@gmail.com,9834645684,Bangalore,Delhi,2026-08-18T00:00:00.000Z
719,Michael,Johnson,michael719@gmail.com,9594306172,Delhi,Karnataka,2026-07-07T00:00:00.000Z
720,Alice,Wilson,alice720@gmail.com,9639314661,Hyderabad,Karnataka,2026-04-16T00:00:00.000Z
721,John,Anderson,john721@gmail.com,9537821696,Delhi,Delhi,2026-08-25T00:00:00.000Z
722,Michael,Anderson,michael722@gmail.com,9152727762,Bangalore,Karnataka,2026-09-20T00:00:00.000Z
723,Sophia,Jackson,sophia723@gmail.com,9692187541,Delhi,Tamil Nadu,2026-07-29T00:00:00.000Z
724,James,Jackson,james724@gmail.com,9413010204,Pune,Telangana,2026-02-24T00:00:00.000Z
725,John,Anderson,john725@gmail.com,9914027597,Pune,Maharashtra,2026-02-13T00:00:00.000Z
726,Olivia,Smith,olivia726@gmail.com,9515866132,Delhi,Karnataka,2026-07-21T00:00:00.000Z
727,Sophia,Thomas,sophia727@gmail.com,9677721706,Delhi,Karnataka,2026-01-31T00:00:00.000Z
728,Sophia,Taylor,sophia728@gmail.com,9659279292,Bangalore,Tamil Nadu,2026-01-09T00:00:00.000Z
729,John,Smith,john729@gmail.com,9425346959,Hyderabad,Telangana,2026-04-02T00:00:00.000Z
730,John,Anderson,john730@gmail.com,9759316499,Chennai,Maharashtra,2026-06-18T00:00:00.000Z
731,Emma,Wilson,emma731@gmail.com,9863015337,Pune,Tamil Nadu,2026-04-08T00:00:00.000Z
732,Olivia,Taylor,olivia732@gmail.com,9653407831,Hyderabad,Delhi,2026-10-14T00:00:00.000Z
733,Michael,Smith,michael733@gmail.com,9677753027,Bangalore,Maharashtra,2026-06-10T00:00:00.000Z
734,Emma,Wilson,emma734@gmail.com,9924456572,Delhi,Telangana,2026-07-17T00:00:00.000Z
735,Emma,Thomas,emma735@gmail.com,9827285780,Hyderabad,Delhi,2026-07-10T00:00:00.000Z
736,John,Johnson,john736@gmail.com,9720954987,Chennai,Delhi,2026-12-13T00:00:00.000Z
737,Michael,Thomas,michael737@gmail.com,9383565559,Pune,Telangana,2026-07-13T00:00:00.000Z
738,Emma,Thomas,emma738@gmail.com,9444078904,Mumbai,Tamil Nadu,2026-10-08T00:00:00.000Z
739,Emma,Smith,emma739@gmail.com,9716098159,Chennai,Telangana,2026-02-12T00:00:00.000Z
740,James,Taylor,james740@gmail.com,9142559056,Delhi,Telangana,2026-01-05T00:00:00.000Z
741,Emma,Taylor,emma741@gmail.com,9511637498,Hyderabad,Telangana,2026-11-22T00:00:00.000Z
742,Olivia,Smith,olivia742@gmail.com,9881060188,Delhi,Tamil Nadu,2026-08-27T00:00:00.000Z
743,Michael,Smith,michael743@gmail.com,9249010535,Mumbai,Delhi,2026-08-31T00:00:00.000Z
744,Emma,Thomas,emma744@gmail.com,9435241761,Delhi,Telangana,2026-05-25T00:00:00.000Z
745,James,Johnson,james745@gmail.com,9594202128,Chennai,Telangana,2026-07-23T00:00:00.000Z
746,James,Wilson,james746@gmail.com,9288036427,Delhi,Delhi,2026-05-31T00:00:00.000Z
747,Mia,Wilson,mia747@gmail.com,9276447707,Pune,Telangana,2026-02-13T00:00:00.000Z
748,James,Smith,james748@gmail.com,9720951845,Chennai,Karnataka,2026-10-09T00:00:00.000Z
749,Mia,Smith,mia749@gmail.com,9706454388,Hyderabad,Karnataka,2026-06-08T00:00:00.000Z
750,Alice,Taylor,alice750@gmail.com,9427118833,Bangalore,Delhi,2026-02-20T00:00:00.000Z
751,Robert,Johnson,robert751@gmail.com,9407942103,Bangalore,Karnataka,2026-12-08T00:00:00.000Z
752,Olivia,Jackson,olivia752@gmail.com,9974480377,Chennai,Telangana,2026-03-30T00:00:00.000Z
753,Sophia,Jackson,sophia753@gmail.com,9484985502,Mumbai,Delhi,2026-08-01T00:00:00.000Z
754,James,Thomas,james754@gmail.com,9815575926,Mumbai,Telangana,2026-06-28T00:00:00.000Z
755,Sophia,Anderson,sophia755@gmail.com,9843842720,Bangalore,Delhi,2026-01-24T00:00:00.000Z
756,Michael,Anderson,michael756@gmail.com,9816284537,Hyderabad,Tamil Nadu,2026-03-30T00:00:00.000Z
757,Alice,Johnson,alice757@gmail.com,9689296341,Bangalore,Delhi,2026-12-21T00:00:00.000Z
758,Mia,Jackson,mia758@gmail.com,9120901412,Chennai,Tamil Nadu,2026-08-24T00:00:00.000Z
759,David,Smith,david759@gmail.com,9448843922,Bangalore,Telangana,2026-02-04T00:00:00.000Z
760,Mia,Wilson,mia760@gmail.com,9400933412,Hyderabad,Telangana,2026-10-12T00:00:00.000Z
761,David,Smith,david761@gmail.com,9799014851,Chennai,Telangana,2026-01-30T00:00:00.000Z
762,Mia,Jackson,mia762@gmail.com,9190094053,Mumbai,Maharashtra,2026-06-21T00:00:00.000Z
763,Olivia,Anderson,olivia763@gmail.com,9674649972,Hyderabad,Karnataka,2026-12-07T00:00:00.000Z
764,Mia,Johnson,mia764@gmail.com,9775853982,Hyderabad,Maharashtra,2026-10-31T00:00:00.000Z
765,Alice,Smith,alice765@gmail.com,9272294277,Chennai,Telangana,2026-02-01T00:00:00.000Z
766,Sophia,Taylor,sophia766@gmail.com,9843390534,Bangalore,Karnataka,2026-08-17T00:00:00.000Z
767,Olivia,Jackson,olivia767@gmail.com,9121443037,Pune,Maharashtra,2026-10-21T00:00:00.000Z
768,Mia,Thomas,mia768@gmail.com,9327750356,Delhi,Karnataka,2026-09-20T00:00:00.000Z
769,Robert,Anderson,robert769@gmail.com,9821857368,Hyderabad,Delhi,2026-05-18T00:00:00.000Z
770,James,Smith,james770@gmail.com,9182642351,Pune,Telangana,2026-11-09T00:00:00.000Z
771,David,Wilson,david771@gmail.com,9464428240,Delhi,Tamil Nadu,2026-01-29T00:00:00.000Z
772,Emma,Johnson,emma772@gmail.com,9756612529,Chennai,Delhi,2026-03-27T00:00:00.000Z
773,David,Thomas,david773@gmail.com,9873674413,Bangalore,Karnataka,2026-08-24T00:00:00.000Z
774,Robert,Taylor,robert774@gmail.com,9895460841,Mumbai,Maharashtra,2026-12-19T00:00:00.000Z
775,Emma,Anderson,emma775@gmail.com,9202008480,Chennai,Karnataka,2026-10-28T00:00:00.000Z
776,Michael,Thomas,michael776@gmail.com,9275689492,Mumbai,Delhi,2026-04-28T00:00:00.000Z
777,Robert,Jackson,robert777@gmail.com,9504246829,Chennai,Maharashtra,2026-08-08T00:00:00.000Z
778,Michael,Johnson,michael778@gmail.com,9509251998,Hyderabad,Maharashtra,2026-06-13T00:00:00.000Z
779,John,Brown,john779@gmail.com,9444166322,Chennai,Karnataka,2026-07-15T00:00:00.000Z
780,James,Johnson,james780@gmail.com,9627797682,Chennai,Maharashtra,2026-08-10T00:00:00.000Z
781,Alice,Brown,alice781@gmail.com,9758988488,Mumbai,Tamil Nadu,2026-07-19T00:00:00.000Z
782,Alice,Taylor,alice782@gmail.com,9831563581,Mumbai,Tamil Nadu,2026-06-01T00:00:00.000Z
783,Mia,Brown,mia783@gmail.com,9262156735,Chennai,Maharashtra,2026-05-23T00:00:00.000Z
784,David,Smith,david784@gmail.com,9970481019,Delhi,Maharashtra,2026-06-11T00:00:00.000Z
785,Robert,Smith,robert785@gmail.com,9133188547,Mumbai,Maharashtra,2026-07-30T00:00:00.000Z
786,Robert,Taylor,robert786@gmail.com,9491420822,Bangalore,Karnataka,2026-05-30T00:00:00.000Z
787,Mia,Anderson,mia787@gmail.com,9153857121,Pune,Karnataka,2026-05-12T00:00:00.000Z
788,Olivia,Wilson,olivia788@gmail.com,9670936324,Hyderabad,Karnataka,2026-03-25T00:00:00.000Z
789,Mia,Thomas,mia789@gmail.com,9263370471,Mumbai,Tamil Nadu,2026-09-10T00:00:00.000Z
790,James,Johnson,james790@gmail.com,9356032262,Mumbai,Delhi,2026-02-26T00:00:00.000Z
791,Sophia,Anderson,sophia791@gmail.com,9154291792,Mumbai,Maharashtra,2026-04-25T00:00:00.000Z
792,John,Jackson,john792@gmail.com,9433232527,Bangalore,Maharashtra,2026-12-10T00:00:00.000Z
793,James,Jackson,james793@gmail.com,9542870064,Chennai,Karnataka,2026-07-03T00:00:00.000Z
794,Michael,Jackson,michael794@gmail.com,9605048926,Delhi,Tamil Nadu,2026-05-08T00:00:00.000Z
795,Robert,Smith,robert795@gmail.com,9175678279,Bangalore,Tamil Nadu,2026-02-08T00:00:00.000Z
796,Olivia,Taylor,olivia796@gmail.com,9599028758,Delhi,Maharashtra,2026-07-21T00:00:00.000Z
797,Alice,Jackson,alice797@gmail.com,9350184364,Mumbai,Tamil Nadu,2026-02-28T00:00:00.000Z
798,Mia,Smith,mia798@gmail.com,9906877625,Mumbai,Maharashtra,2026-05-29T00:00:00.000Z
799,Alice,Anderson,alice799@gmail.com,9256398562,Pune,Karnataka,2026-06-16T00:00:00.000Z
800,Emma,Taylor,emma800@gmail.com,9979264571,Pune,Maharashtra,2026-02-11T00:00:00.000Z
801,Olivia,Jackson,olivia801@gmail.com,9755767959,Pune,Delhi,2026-01-04T00:00:00.000Z
802,Sophia,Jackson,sophia802@gmail.com,9350180663,Chennai,Telangana,2026-08-19T00:00:00.000Z
803,John,Brown,john803@gmail.com,9819030998,Chennai,Tamil Nadu,2026-06-18T00:00:00.000Z
804,Robert,Johnson,robert804@gmail.com,9507212708,Mumbai,Karnataka,2026-10-18T00:00:00.000Z
805,Emma,Anderson,emma805@gmail.com,9354285191,Bangalore,Maharashtra,2026-09-27T00:00:00.000Z
806,Robert,Taylor,robert806@gmail.com,9777908486,Bangalore,Tamil Nadu,2026-03-01T00:00:00.000Z
807,David,Taylor,david807@gmail.com,9963251942,Bangalore,Delhi,2026-02-11T00:00:00.000Z
808,John,Smith,john808@gmail.com,9929564755,Delhi,Delhi,2026-11-17T00:00:00.000Z
809,Mia,Smith,mia809@gmail.com,9457663635,Pune,Telangana,2026-12-08T00:00:00.000Z
810,Emma,Wilson,emma810@gmail.com,9924814403,Pune,Telangana,2026-09-20T00:00:00.000Z
811,Robert,Taylor,robert811@gmail.com,9268316072,Hyderabad,Maharashtra,2026-05-12T00:00:00.000Z
812,Michael,Wilson,michael812@gmail.com,9859536601,Delhi,Karnataka,2026-06-15T00:00:00.000Z
813,James,Jackson,james813@gmail.com,9257481815,Hyderabad,Maharashtra,2026-07-27T00:00:00.000Z
814,Emma,Thomas,emma814@gmail.com,9635622638,Mumbai,Maharashtra,2026-08-27T00:00:00.000Z
815,Robert,Anderson,robert815@gmail.com,9876704490,Hyderabad,Maharashtra,2026-11-26T00:00:00.000Z
816,Michael,Brown,michael816@gmail.com,9780456403,Bangalore,Maharashtra,2026-04-07T00:00:00.000Z
817,John,Thomas,john817@gmail.com,9935427208,Bangalore,Telangana,2026-05-01T00:00:00.000Z
818,Olivia,Wilson,olivia818@gmail.com,9656926787,Pune,Karnataka,2026-06-08T00:00:00.000Z
819,Mia,Jackson,mia819@gmail.com,9662716023,Pune,Karnataka,2026-06-05T00:00:00.000Z
820,Michael,Anderson,michael820@gmail.com,9423417579,Delhi,Karnataka,2026-03-22T00:00:00.000Z
821,Michael,Smith,michael821@gmail.com,9812767134,Chennai,Karnataka,2026-04-26T00:00:00.000Z
822,Mia,Johnson,mia822@gmail.com,9658129113,Hyderabad,Maharashtra,2026-09-04T00:00:00.000Z
823,Sophia,Smith,sophia823@gmail.com,9354517492,Pune,Delhi,2026-01-27T00:00:00.000Z
824,Olivia,Taylor,olivia824@gmail.com,9809284952,Pune,Karnataka,2026-02-22T00:00:00.000Z
825,Alice,Johnson,alice825@gmail.com,9484953377,Hyderabad,Karnataka,2026-10-15T00:00:00.000Z
826,Michael,Taylor,michael826@gmail.com,9644326616,Pune,Delhi,2026-05-06T00:00:00.000Z
827,David,Brown,david827@gmail.com,9947925044,Mumbai,Maharashtra,2026-09-29T00:00:00.000Z
828,Sophia,Wilson,sophia828@gmail.com,9635903187,Hyderabad,Maharashtra,2026-07-12T00:00:00.000Z
829,Mia,Taylor,mia829@gmail.com,9384294206,Mumbai,Tamil Nadu,2026-05-02T00:00:00.000Z
830,Sophia,Johnson,sophia830@gmail.com,9477051323,Chennai,Delhi,2026-11-17T00:00:00.000Z
831,Alice,Thomas,alice831@gmail.com,9705908076,Mumbai,Telangana,2026-06-29T00:00:00.000Z
832,Alice,Taylor,alice832@gmail.com,9378934444,Pune,Karnataka,2026-08-28T00:00:00.000Z
833,John,Jackson,john833@gmail.com,9687313133,Delhi,Karnataka,2026-07-04T00:00:00.000Z
834,Alice,Thomas,alice834@gmail.com,9293043641,Chennai,Tamil Nadu,2026-03-23T00:00:00.000Z
835,David,Wilson,david835@gmail.com,9942636843,Mumbai,Maharashtra,2026-11-12T00:00:00.000Z
836,Sophia,Taylor,sophia836@gmail.com,9918403760,Pune,Telangana,2026-05-12T00:00:00.000Z
837,Olivia,Anderson,olivia837@gmail.com,9684376269,Mumbai,Maharashtra,2026-08-04T00:00:00.000Z
838,Mia,Johnson,mia838@gmail.com,9307117838,Hyderabad,Karnataka,2026-08-19T00:00:00.000Z
839,Michael,Taylor,michael839@gmail.com,9665738749,Hyderabad,Karnataka,2026-06-27T00:00:00.000Z
840,Olivia,Johnson,olivia840@gmail.com,9529056785,Hyderabad,Tamil Nadu,2026-06-28T00:00:00.000Z
841,Emma,Brown,emma841@gmail.com,9819200469,Mumbai,Delhi,2026-03-11T00:00:00.000Z
842,Sophia,Anderson,sophia842@gmail.com,9212563843,Pune,Maharashtra,2026-08-29T00:00:00.000Z
843,James,Taylor,james843@gmail.com,9761987209,Hyderabad,Tamil Nadu,2026-03-20T00:00:00.000Z
844,Olivia,Smith,olivia844@gmail.com,9864429616,Pune,Telangana,2026-05-27T00:00:00.000Z
845,Emma,Johnson,emma845@gmail.com,9411167203,Mumbai,Maharashtra,2026-03-19T00:00:00.000Z
846,Michael,Taylor,michael846@gmail.com,9821166077,Pune,Karnataka,2026-07-30T00:00:00.000Z
847,David,Jackson,david847@gmail.com,9135898762,Bangalore,Tamil Nadu,2026-05-05T00:00:00.000Z
848,Alice,Brown,alice848@gmail.com,9361903596,Hyderabad,Karnataka,2026-11-20T00:00:00.000Z
849,Olivia,Johnson,olivia849@gmail.com,9620589167,Pune,Karnataka,2026-05-06T00:00:00.000Z
850,David,Jackson,david850@gmail.com,9565753732,Chennai,Telangana,2026-01-10T00:00:00.000Z
851,Michael,Taylor,michael851@gmail.com,9670245446,Delhi,Tamil Nadu,2026-04-04T00:00:00.000Z
852,Alice,Johnson,alice852@gmail.com,9777923791,Mumbai,Tamil Nadu,2026-11-04T00:00:00.000Z
853,Sophia,Johnson,sophia853@gmail.com,9664255335,Mumbai,Maharashtra,2026-09-18T00:00:00.000Z
854,David,Smith,david854@gmail.com,9340545580,Mumbai,Telangana,2026-07-17T00:00:00.000Z
855,Michael,Jackson,michael855@gmail.com,9509171449,Delhi,Delhi,2026-02-18T00:00:00.000Z
856,Robert,Thomas,robert856@gmail.com,9773170199,Bangalore,Tamil Nadu,2026-11-03T00:00:00.000Z
857,Robert,Smith,robert857@gmail.com,9454691706,Pune,Karnataka,2026-11-18T00:00:00.000Z
858,John,Johnson,john858@gmail.com,9705607750,Mumbai,Tamil Nadu,2026-08-08T00:00:00.000Z
859,David,Taylor,david859@gmail.com,9675964792,Bangalore,Delhi,2026-10-05T00:00:00.000Z
860,Alice,Jackson,alice860@gmail.com,9396265183,Hyderabad,Karnataka,2026-11-28T00:00:00.000Z
861,James,Smith,james861@gmail.com,9256013014,Mumbai,Tamil Nadu,2026-01-02T00:00:00.000Z
862,David,Anderson,david862@gmail.com,9682820121,Chennai,Tamil Nadu,2026-11-22T00:00:00.000Z
863,Robert,Taylor,robert863@gmail.com,9307042356,Hyderabad,Karnataka,2026-06-30T00:00:00.000Z
864,Robert,Taylor,robert864@gmail.com,9685105390,Bangalore,Maharashtra,2026-05-16T00:00:00.000Z
865,Mia,Smith,mia865@gmail.com,9378590239,Hyderabad,Karnataka,2026-06-25T00:00:00.000Z
866,David,Brown,david866@gmail.com,9472349332,Delhi,Karnataka,2026-02-13T00:00:00.000Z
867,John,Wilson,john867@gmail.com,9516588112,Pune,Delhi,2026-02-04T00:00:00.000Z
868,James,Jackson,james868@gmail.com,9287847948,Pune,Karnataka,2026-03-12T00:00:00.000Z
869,Sophia,Jackson,sophia869@gmail.com,9815097188,Hyderabad,Tamil Nadu,2026-01-22T00:00:00.000Z
870,David,Johnson,david870@gmail.com,9757275959,Pune,Delhi,2026-04-19T00:00:00.000Z
871,Mia,Taylor,mia871@gmail.com,9527015859,Pune,Maharashtra,2026-10-23T00:00:00.000Z
872,Mia,Johnson,mia872@gmail.com,9235616774,Delhi,Delhi,2026-05-04T00:00:00.000Z
873,Robert,Johnson,robert873@gmail.com,9400003670,Hyderabad,Tamil Nadu,2026-06-26T00:00:00.000Z
874,Mia,Jackson,mia874@gmail.com,9972849929,Pune,Telangana,2026-02-05T00:00:00.000Z
875,John,Thomas,john875@gmail.com,9527112011,Mumbai,Tamil Nadu,2026-01-18T00:00:00.000Z
876,Robert,Smith,robert876@gmail.com,9666126261,Chennai,Tamil Nadu,2026-07-22T00:00:00.000Z
877,Robert,Jackson,robert877@gmail.com,9909090451,Mumbai,Telangana,2026-10-13T00:00:00.000Z
878,James,Johnson,james878@gmail.com,9651807272,Mumbai,Maharashtra,2026-11-13T00:00:00.000Z
879,Alice,Wilson,alice879@gmail.com,9369691337,Bangalore,Tamil Nadu,2026-09-04T00:00:00.000Z
880,Robert,Thomas,robert880@gmail.com,9338402167,Delhi,Telangana,2026-05-12T00:00:00.000Z
881,Emma,Thomas,emma881@gmail.com,9608470336,Mumbai,Telangana,2026-02-24T00:00:00.000Z
882,David,Johnson,david882@gmail.com,9961933712,Hyderabad,Maharashtra,2026-09-22T00:00:00.000Z
883,David,Jackson,david883@gmail.com,9585607288,Hyderabad,Tamil Nadu,2026-07-12T00:00:00.000Z
884,John,Anderson,john884@gmail.com,9802897404,Pune,Karnataka,2026-04-21T00:00:00.000Z
885,Olivia,Smith,olivia885@gmail.com,9426496569,Delhi,Telangana,2026-04-25T00:00:00.000Z
886,James,Wilson,james886@gmail.com,9220460305,Pune,Karnataka,2026-01-28T00:00:00.000Z
887,Olivia,Johnson,olivia887@gmail.com,9379859422,Chennai,Karnataka,2026-01-26T00:00:00.000Z
888,Sophia,Taylor,sophia888@gmail.com,9793047924,Delhi,Tamil Nadu,2026-11-03T00:00:00.000Z
889,Mia,Taylor,mia889@gmail.com,9556969929,Bangalore,Delhi,2026-03-21T00:00:00.000Z
890,James,Thomas,james890@gmail.com,9624266063,Chennai,Tamil Nadu,2026-07-04T00:00:00.000Z
891,Michael,Wilson,michael891@gmail.com,9436750472,Bangalore,Karnataka,2026-04-23T00:00:00.000Z
892,Alice,Johnson,alice892@gmail.com,9988486670,Hyderabad,Karnataka,2026-06-14T00:00:00.000Z
893,Mia,Wilson,mia893@gmail.com,9402050035,Chennai,Maharashtra,2026-06-06T00:00:00.000Z
894,Mia,Jackson,mia894@gmail.com,9605243300,Hyderabad,Maharashtra,2026-03-22T00:00:00.000Z
895,Olivia,Anderson,olivia895@gmail.com,9162000814,Pune,Maharashtra,2026-02-18T00:00:00.000Z
896,Michael,Smith,michael896@gmail.com,9613928168,Chennai,Delhi,2026-06-07T00:00:00.000Z
897,David,Johnson,david897@gmail.com,9994491450,Mumbai,Karnataka,2026-09-15T00:00:00.000Z
898,John,Anderson,john898@gmail.com,9783956019,Hyderabad,Maharashtra,2026-06-23T00:00:00.000Z
899,Alice,Brown,alice899@gmail.com,9167234247,Bangalore,Delhi,2026-03-11T00:00:00.000Z
900,Alice,Johnson,alice900@gmail.com,9954713460,Bangalore,Tamil Nadu,2026-08-06T00:00:00.000Z
901,Mia,Thomas,mia901@gmail.com,9879145154,Delhi,Tamil Nadu,2026-01-13T00:00:00.000Z
902,Robert,Smith,robert902@gmail.com,9543246984,Hyderabad,Tamil Nadu,2026-01-22T00:00:00.000Z
903,David,Thomas,david903@gmail.com,9156311881,Pune,Maharashtra,2026-12-16T00:00:00.000Z
904,John,Jackson,john904@gmail.com,9180957386,Bangalore,Telangana,2026-05-29T00:00:00.000Z
905,John,Taylor,john905@gmail.com,9317599481,Pune,Delhi,2026-05-23T00:00:00.000Z
906,Olivia,Jackson,olivia906@gmail.com,9563452536,Hyderabad,Telangana,2026-06-16T00:00:00.000Z
907,James,Wilson,james907@gmail.com,9851261989,Chennai,Telangana,2026-06-30T00:00:00.000Z
908,Olivia,Brown,olivia908@gmail.com,9909975124,Chennai,Delhi,2026-07-03T00:00:00.000Z
909,David,Johnson,david909@gmail.com,9579974470,Chennai,Karnataka,2026-07-04T00:00:00.000Z
910,Mia,Taylor,mia910@gmail.com,9532771636,Delhi,Delhi,2026-12-29T00:00:00.000Z
911,Emma,Taylor,emma911@gmail.com,9800434767,Pune,Delhi,2026-05-22T00:00:00.000Z
912,Alice,Wilson,alice912@gmail.com,9905731870,Mumbai,Maharashtra,2026-01-27T00:00:00.000Z
913,Olivia,Taylor,olivia913@gmail.com,9485403336,Chennai,Maharashtra,2026-10-26T00:00:00.000Z
914,John,Jackson,john914@gmail.com,9989484605,Chennai,Tamil Nadu,2026-09-12T00:00:00.000Z
915,Emma,Smith,emma915@gmail.com,9186089130,Pune,Delhi,2026-04-20T00:00:00.000Z
916,Olivia,Anderson,olivia916@gmail.com,9319871635,Pune,Maharashtra,2026-05-05T00:00:00.000Z
917,John,Jackson,john917@gmail.com,9454800241,Pune,Tamil Nadu,2026-02-01T00:00:00.000Z
918,Michael,Taylor,michael918@gmail.com,9289258847,Delhi,Karnataka,2026-01-09T00:00:00.000Z
919,John,Brown,john919@gmail.com,9686187476,Delhi,Karnataka,2026-06-20T00:00:00.000Z
920,Sophia,Jackson,sophia920@gmail.com,9731865565,Hyderabad,Delhi,2026-12-05T00:00:00.000Z
921,Mia,Thomas,mia921@gmail.com,9416731595,Pune,Tamil Nadu,2026-01-13T00:00:00.000Z
922,Michael,Jackson,michael922@gmail.com,9964885077,Mumbai,Telangana,2026-07-28T00:00:00.000Z
923,Emma,Taylor,emma923@gmail.com,9761442155,Chennai,Tamil Nadu,2026-02-20T00:00:00.000Z
924,John,Brown,john924@gmail.com,9427026713,Mumbai,Delhi,2026-12-05T00:00:00.000Z
925,Emma,Brown,emma925@gmail.com,9724394033,Chennai,Karnataka,2026-08-02T00:00:00.000Z
926,John,Anderson,john926@gmail.com,9122643010,Hyderabad,Maharashtra,2026-09-22T00:00:00.000Z
927,Emma,Taylor,emma927@gmail.com,9920409040,Hyderabad,Delhi,2026-07-01T00:00:00.000Z
928,John,Thomas,john928@gmail.com,9774934246,Chennai,Tamil Nadu,2026-11-25T00:00:00.000Z
929,David,Wilson,david929@gmail.com,9872688840,Pune,Karnataka,2026-02-09T00:00:00.000Z
930,Michael,Anderson,michael930@gmail.com,9991499741,Pune,Tamil Nadu,2026-10-05T00:00:00.000Z
931,Michael,Thomas,michael931@gmail.com,9553157920,Pune,Tamil Nadu,2026-04-12T00:00:00.000Z
932,David,Wilson,david932@gmail.com,9489687046,Mumbai,Tamil Nadu,2026-09-23T00:00:00.000Z
933,James,Brown,james933@gmail.com,9539644173,Mumbai,Karnataka,2026-03-31T00:00:00.000Z
934,Michael,Taylor,michael934@gmail.com,9631584761,Bangalore,Delhi,2026-06-18T00:00:00.000Z
935,Robert,Jackson,robert935@gmail.com,9488395761,Chennai,Karnataka,2026-10-11T00:00:00.000Z
936,James,Johnson,james936@gmail.com,9176922253,Delhi,Maharashtra,2026-12-27T00:00:00.000Z
937,Michael,Wilson,michael937@gmail.com,9903264673,Bangalore,Maharashtra,2026-04-14T00:00:00.000Z
938,John,Anderson,john938@gmail.com,9413561952,Hyderabad,Maharashtra,2026-06-15T00:00:00.000Z
939,Robert,Thomas,robert939@gmail.com,9366115739,Mumbai,Tamil Nadu,2026-04-14T00:00:00.000Z
940,Alice,Wilson,alice940@gmail.com,9447409763,Pune,Tamil Nadu,2026-12-04T00:00:00.000Z
941,Sophia,Johnson,sophia941@gmail.com,9308576646,Hyderabad,Delhi,2026-08-11T00:00:00.000Z
942,Alice,Johnson,alice942@gmail.com,9711207597,Delhi,Delhi,2026-10-27T00:00:00.000Z
943,Alice,Jackson,alice943@gmail.com,9897279540,Chennai,Tamil Nadu,2026-06-30T00:00:00.000Z
944,David,Thomas,david944@gmail.com,9641594462,Chennai,Delhi,2026-11-22T00:00:00.000Z
945,John,Anderson,john945@gmail.com,9594192638,Bangalore,Maharashtra,2026-07-08T00:00:00.000Z
946,Mia,Jackson,mia946@gmail.com,9662203175,Bangalore,Telangana,2026-05-27T00:00:00.000Z
947,Olivia,Anderson,olivia947@gmail.com,9358107860,Bangalore,Telangana,2026-04-13T00:00:00.000Z
948,Sophia,Thomas,sophia948@gmail.com,9518426981,Chennai,Telangana,2026-03-07T00:00:00.000Z
949,Olivia,Brown,olivia949@gmail.com,9330780317,Mumbai,Karnataka,2026-02-19T00:00:00.000Z
950,James,Smith,james950@gmail.com,9977704095,Hyderabad,Tamil Nadu,2026-08-10T00:00:00.000Z
951,Mia,Jackson,mia951@gmail.com,9400326290,Pune,Maharashtra,2026-08-06T00:00:00.000Z
952,John,Jackson,john952@gmail.com,9567794209,Hyderabad,Tamil Nadu,2026-01-24T00:00:00.000Z
953,Michael,Anderson,michael953@gmail.com,9680734713,Hyderabad,Tamil Nadu,2026-07-29T00:00:00.000Z
954,John,Wilson,john954@gmail.com,9446318707,Delhi,Telangana,2026-08-28T00:00:00.000Z
955,David,Smith,david955@gmail.com,9213117361,Hyderabad,Telangana,2026-05-15T00:00:00.000Z
956,Alice,Jackson,alice956@gmail.com,9543134077,Mumbai,Telangana,2026-10-06T00:00:00.000Z
957,Mia,Wilson,mia957@gmail.com,9569821448,Bangalore,Delhi,2026-09-27T00:00:00.000Z
958,Olivia,Brown,olivia958@gmail.com,9226033112,Pune,Maharashtra,2026-12-24T00:00:00.000Z
959,Emma,Wilson,emma959@gmail.com,9993884317,Hyderabad,Delhi,2026-07-29T00:00:00.000Z
960,Sophia,Jackson,sophia960@gmail.com,9403063329,Hyderabad,Telangana,2026-02-13T00:00:00.000Z
961,John,Johnson,john961@gmail.com,9829570600,Hyderabad,Telangana,2026-10-19T00:00:00.000Z
962,James,Smith,james962@gmail.com,9940214381,Mumbai,Delhi,2026-06-23T00:00:00.000Z
963,David,Taylor,david963@gmail.com,9882390781,Pune,Tamil Nadu,2026-04-22T00:00:00.000Z
964,Alice,Taylor,alice964@gmail.com,9834402396,Pune,Karnataka,2026-06-09T00:00:00.000Z
965,James,Smith,james965@gmail.com,9481895542,Chennai,Karnataka,2026-05-01T00:00:00.000Z
966,Emma,Wilson,emma966@gmail.com,9142701189,Mumbai,Maharashtra,2026-06-01T00:00:00.000Z
967,Emma,Jackson,emma967@gmail.com,9420249280,Delhi,Maharashtra,2026-09-30T00:00:00.000Z
968,John,Johnson,john968@gmail.com,9415461146,Pune,Delhi,2026-03-04T00:00:00.000Z
969,James,Thomas,james969@gmail.com,9789318675,Chennai,Maharashtra,2026-06-04T00:00:00.000Z
970,Michael,Johnson,michael970@gmail.com,9935181493,Pune,Telangana,2026-09-19T00:00:00.000Z
971,Olivia,Wilson,olivia971@gmail.com,9162210048,Chennai,Delhi,2026-05-20T00:00:00.000Z
972,Olivia,Taylor,olivia972@gmail.com,9190708301,Mumbai,Telangana,2026-10-15T00:00:00.000Z
973,Alice,Jackson,alice973@gmail.com,9298249390,Delhi,Maharashtra,2026-12-26T00:00:00.000Z
974,David,Anderson,david974@gmail.com,9805729256,Bangalore,Maharashtra,2026-09-02T00:00:00.000Z
975,Robert,Thomas,robert975@gmail.com,9248885691,Chennai,Maharashtra,2026-02-08T00:00:00.000Z
976,John,Taylor,john976@gmail.com,9547166282,Chennai,Tamil Nadu,2026-07-03T00:00:00.000Z
977,Alice,Smith,alice977@gmail.com,9269791203,Mumbai,Karnataka,2026-11-23T00:00:00.000Z
978,Olivia,Brown,olivia978@gmail.com,9173036089,Pune,Telangana,2026-10-22T00:00:00.000Z
979,David,Johnson,david979@gmail.com,9915626226,Mumbai,Tamil Nadu,2026-10-29T00:00:00.000Z
980,Emma,Smith,emma980@gmail.com,9157258698,Bangalore,Tamil Nadu,2026-01-09T00:00:00.000Z
981,John,Anderson,john981@gmail.com,9253237193,Hyderabad,Maharashtra,2026-11-06T00:00:00.000Z
982,Michael,Thomas,michael982@gmail.com,9701378127,Pune,Tamil Nadu,2026-11-23T00:00:00.000Z
983,Emma,Thomas,emma983@gmail.com,9617510114,Pune,Maharashtra,2026-11-21T00:00:00.000Z
984,Michael,Taylor,michael984@gmail.com,9617833390,Hyderabad,Delhi,2026-11-27T00:00:00.000Z
985,Sophia,Thomas,sophia985@gmail.com,9439904923,Mumbai,Karnataka,2026-10-06T00:00:00.000Z
986,Mia,Taylor,mia986@gmail.com,9459632240,Hyderabad,Delhi,2026-08-31T00:00:00.000Z
987,David,Brown,david987@gmail.com,9915985562,Hyderabad,Karnataka,2026-05-04T00:00:00.000Z
988,Sophia,Thomas,sophia988@gmail.com,9823578961,Delhi,Telangana,2026-03-12T00:00:00.000Z
989,Olivia,Smith,olivia989@gmail.com,9809602532,Delhi,Maharashtra,2026-12-21T00:00:00.000Z
990,Sophia,Wilson,sophia990@gmail.com,9173430756,Pune,Telangana,2026-11-15T00:00:00.000Z
991,Olivia,Anderson,olivia991@gmail.com,9941609543,Delhi,Telangana,2026-05-30T00:00:00.000Z
992,Mia,Johnson,mia992@gmail.com,9183798135,Mumbai,Telangana,2026-11-21T00:00:00.000Z
993,James,Johnson,james993@gmail.com,9553122319,Pune,Karnataka,2026-08-19T00:00:00.000Z
994,Michael,Anderson,michael994@gmail.com,9292593701,Delhi,Tamil Nadu,2026-11-27T00:00:00.000Z
995,Sophia,Smith,sophia995@gmail.com,9698098177,Pune,Tamil Nadu,2026-04-07T00:00:00.000Z
996,Mia,Wilson,mia996@gmail.com,9509508785,Hyderabad,Tamil Nadu,2026-07-14T00:00:00.000Z
997,Mia,Brown,mia997@gmail.com,9758025598,Mumbai,Tamil Nadu,2026-06-14T00:00:00.000Z
998,Robert,Wilson,robert998@gmail.com,9549120732,Mumbai,Karnataka,2026-05-25T00:00:00.000Z
999,Alice,Jackson,alice999@gmail.com,9554735519,Mumbai,Telangana,2026-08-17T00:00:00.000Z
1000,Sophia,Thomas,sophia1000@gmail.com,9141426920,Mumbai,Delhi,2026-02-23T00:00:00.000Z
1001,John,Doe,,9876543210,Chennai,Tamil Nadu,
1002,Alice,Smith,alice@gmail.com,9876543211,,Karnataka,2026-01-01T00:00:00.000Z
1003,Bob,Wilson,"",9876543212,Mumbai,Maharashtra,2026-01-02T00:00:00.000Z
1004,Emma,Brown,emma@gmail.com,,Delhi,Delhi,2026-01-03T00:00:00.000Z
1005,David,Taylor,,,,,
1006,Sophia,Thomas,"","",Chennai,Tamil Nadu,
1007,James,Jackson,,9999999999,Hyderabad,Telangana,2026-01-04T00:00:00.000Z
1008,Olivia,White,"",8888888888,,,2026-01-05T00:00:00.000Z
1009,Michael,Clark,,,Mumbai,Maharashtra,
1010,Mia,Lewis,"","",,,
